{
  "results": [
    {
      "command": "volentscript",
      "mean": 1.5799393191950002,
      "stddev": 0.04590476749456716,
      "median": 1.5766439808200001,
      "user": 1.56623796,
      "system": 0.012445325,
      "min": 1.49255941832,
      "max": 1.64265291832,
      "times": [
        1.63280570932,
        1.56689466832,
        1.56678062632,
        1.5757782103200002,
        1.49255941832,
        1.64265291832,
        1.58453325132,
        1.57750975132
      ],
      "memory_usage_byte": [
        79577088,
        79577088,
        79577088,
        79577088,
        79577088,
        79577088,
        79577088,
        79577088
      ],
      "exit_codes": [
        0,
        0,
        0,
        0,
        0,
        0,
        0,
        0
      ]
    },
    {
      "command": "c",
      "mean": 0.19632176219500003,
      "stddev": 0.0031478719914645476,
      "median": 0.19609939732000004,
      "user": 0.19824658499999998,
      "system": 0.0,
      "min": 0.19111791832000002,
      "max": 0.20073500232000002,
      "times": [
        0.19745441832000002,
        0.20005108532000002,
        0.19545241832000002,
        0.19428050232000002,
        0.19111791832000002,
        0.20073500232000002,
        0.19473637632000002,
        0.19674637632000003
      ],
      "memory_usage_byte": [
        79577088,
        79577088,
        79577088,
        79577088,
        79577088,
        79577088,
        79577088,
        79577088
      ],
      "exit_codes": [
        0,
        0,
        0,
        0,
        0,
        0,
        0,
        0
      ]
    },
    {
      "command": "rust",
      "mean": 0.20203226182000003,
      "stddev": 0.0034546453848918104,
      "median": 0.20236106382000002,
      "user": 0.203628585,
      "system": 0.00005045000000000028,
      "min": 0.19671779332000003,
      "max": 0.20818133432000002,
      "times": [
        0.19957433432000002,
        0.20312625132000003,
        0.19980541832,
        0.19671779332000003,
        0.20159587632000003,
        0.20358587632000003,
        0.20818133432000002,
        0.20367121032000002
      ],
      "memory_usage_byte": [
        79577088,
        79577088,
        79577088,
        79577088,
        79577088,
        79577088,
        79577088,
        79577088
      ],
      "exit_codes": [
        0,
        0,
        0,
        0,
        0,
        0,
        0,
        0
      ]
    },
    {
      "command": "go",
      "mean": 0.188005100695,
      "stddev": 0.00227281189185291,
      "median": 0.18751414732000002,
      "user": 0.35217171,
      "system": 0.01690895,
      "min": 0.18542304332,
      "max": 0.19167733532000003,
      "times": [
        0.18707062632000002,
        0.18621462732000002,
        0.18542304332,
        0.19167733532000003,
        0.18874437732000002,
        0.19081483432000002,
        0.18613829332,
        0.18795766832000002
      ],
      "memory_usage_byte": [
        79577088,
        79577088,
        79577088,
        79577088,
        79577088,
        79577088,
        79577088,
        79577088
      ],
      "exit_codes": [
        0,
        0,
        0,
        0,
        0,
        0,
        0,
        0
      ]
    },
    {
      "command": "java",
      "mean": 0.079057475445,
      "stddev": 0.002045243275172381,
      "median": 0.07905608432,
      "user": 0.08578845999999998,
      "system": 0.0164107,
      "min": 0.07662150132000001,
      "max": 0.08311950132000001,
      "times": [
        0.07878083431999999,
        0.08023025232,
        0.07940191832000001,
        0.07785479332,
        0.08311950132000001,
        0.07933133432,
        0.07711966832,
        0.07662150132000001
      ],
      "memory_usage_byte": [
        171671552,
        171671552,
        171671552,
        171671552,
        171704320,
        171704320,
        171704320,
        171704320
      ],
      "exit_codes": [
        0,
        0,
        0,
        0,
        0,
        0,
        0,
        0
      ]
    },
    {
      "command": "node",
      "mean": 0.11482926182,
      "stddev": 0.0012134485099429895,
      "median": 0.11519362632,
      "user": 0.129099585,
      "system": 0.010555450000000001,
      "min": 0.11312250132000001,
      "max": 0.11629087632000001,
      "times": [
        0.11340870932,
        0.11629087632000001,
        0.11561900132,
        0.11595958532,
        0.11312250132000001,
        0.11542445932,
        0.11496279332,
        0.11384616832
      ],
      "memory_usage_byte": [
        171704320,
        171704320,
        171704320,
        171704320,
        171704320,
        171704320,
        171704320,
        171704320
      ],
      "exit_codes": [
        0,
        0,
        0,
        0,
        0,
        0,
        0,
        0
      ]
    },
    {
      "command": "bun",
      "mean": 0.09152237657000001,
      "stddev": 0.001080541601529106,
      "median": 0.09146202232,
      "user": 0.09607808500000001,
      "system": 0.0086492,
      "min": 0.09023058532,
      "max": 0.09354837632000002,
      "times": [
        0.09354837632000002,
        0.09037312632,
        0.09096796032000001,
        0.09164187632000001,
        0.09023058532,
        0.09128216832,
        0.09183808432000001,
        0.09229683532000002
      ],
      "memory_usage_byte": [
        171704320,
        171704320,
        171704320,
        171704320,
        171704320,
        171704320,
        171704320,
        171704320
      ],
      "exit_codes": [
        0,
        0,
        0,
        0,
        0,
        0,
        0,
        0
      ]
    },
    {
      "command": "deno",
      "mean": 0.112522069195,
      "stddev": 0.005751345406336764,
      "median": 0.10983402282,
      "user": 0.12533120999999997,
      "system": 0.012196325000000001,
      "min": 0.10814000132000001,
      "max": 0.12203466832000001,
      "times": [
        0.10966396032,
        0.11000408532,
        0.10814000132000001,
        0.12203466832000001,
        0.12143658432000001,
        0.11098641832,
        0.10876058432000002,
        0.10915025132
      ],
      "memory_usage_byte": [
        171704320,
        171704320,
        171704320,
        171704320,
        171704320,
        171704320,
        171704320,
        171704320
      ],
      "exit_codes": [
        0,
        0,
        0,
        0,
        0,
        0,
        0,
        0
      ]
    }
  ]
}
