{
  "results": [
    {
      "command": "volentscript",
      "mean": 1.532586498535,
      "stddev": 0.049774910218518736,
      "median": 1.52395670166,
      "user": 1.5220764900000001,
      "system": 0.008851385,
      "min": 1.48722153466,
      "max": 1.6204557426600001,
      "times": [
        1.52670157666,
        1.6204557426600001,
        1.48951645166,
        1.5956129936599999,
        1.52584032666,
        1.48722153466,
        1.49327028566,
        1.5220730766600001
      ],
      "memory_usage_byte": [
        79511552,
        79527936,
        79527936,
        79527936,
        79527936,
        79527936,
        79527936,
        79527936
      ],
      "exit_codes": [
        0,
        0,
        0,
        0,
        0,
        0,
        0,
        0
      ]
    },
    {
      "command": "c",
      "mean": 0.20278539453500005,
      "stddev": 0.0017076195447551647,
      "median": 0.20297503516000004,
      "user": 0.20063136499999998,
      "system": 0.0011493849999999995,
      "min": 0.20044332666000003,
      "max": 0.20555666066000003,
      "times": [
        0.20389770166,
        0.20555666066000003,
        0.20281311866,
        0.20111778566000002,
        0.20141945166000003,
        0.20389815966000002,
        0.20313695166000004,
        0.20044332666000003
      ],
      "memory_usage_byte": [
        79527936,
        79527936,
        79527936,
        79527936,
        79527936,
        79527936,
        79527936,
        79527936
      ],
      "exit_codes": [
        0,
        0,
        0,
        0,
        0,
        0,
        0,
        0
      ]
    },
    {
      "command": "rust",
      "mean": 0.21310701391000003,
      "stddev": 0.008325442411120806,
      "median": 0.21188872216000004,
      "user": 0.21090149,
      "system": 0.0011293849999999997,
      "min": 0.20521728466000003,
      "max": 0.23215528466000002,
      "times": [
        0.20521728466000003,
        0.20671028566000002,
        0.20948020166000003,
        0.21101828466000003,
        0.21435099266000002,
        0.21316461766000003,
        0.21275915966000003,
        0.23215528466000002
      ],
      "memory_usage_byte": [
        79527936,
        79527936,
        79527936,
        79527936,
        79527936,
        79527936,
        79527936,
        79527936
      ],
      "exit_codes": [
        0,
        0,
        0,
        0,
        0,
        0,
        0,
        0
      ]
    },
    {
      "command": "go",
      "mean": 0.18955804541000001,
      "stddev": 0.0008640038679936119,
      "median": 0.18957916016,
      "user": 0.34871261499999995,
      "system": 0.016853385,
      "min": 0.18847082666000003,
      "max": 0.19125707666000002,
      "times": [
        0.19125707666000002,
        0.18859390966000003,
        0.18963003466000003,
        0.18998515966,
        0.18961778566,
        0.18847082666000003,
        0.18936903566000002,
        0.18954053466
      ],
      "memory_usage_byte": [
        79527936,
        79527936,
        79527936,
        79527936,
        79527936,
        79527936,
        79527936,
        79527936
      ],
      "exit_codes": [
        0,
        0,
        0,
        0,
        0,
        0,
        0,
        0
      ]
    },
    {
      "command": "java",
      "mean": 0.078814910035,
      "stddev": 0.0014193506430955306,
      "median": 0.07852651416,
      "user": 0.08341224,
      "system": 0.015652634999999998,
      "min": 0.07717090966000001,
      "max": 0.08139357666000001,
      "times": [
        0.08139357666000001,
        0.07875078466,
        0.07981903566,
        0.07717090966000001,
        0.07971690966,
        0.07790424366,
        0.07830224366,
        0.07746157666
      ],
      "memory_usage_byte": [
        171622400,
        171622400,
        171622400,
        171622400,
        171622400,
        171622400,
        171655168,
        171655168
      ],
      "exit_codes": [
        0,
        0,
        0,
        0,
        0,
        0,
        0,
        0
      ]
    },
    {
      "command": "node",
      "mean": 0.11587335266,
      "stddev": 0.0010080283479216834,
      "median": 0.11603874316000001,
      "user": 0.126766865,
      "system": 0.01036701,
      "min": 0.11422749366,
      "max": 0.11732811866000001,
      "times": [
        0.11627757666,
        0.11496182666,
        0.11422749366,
        0.11589961866000001,
        0.11680961766,
        0.11530470166000001,
        0.11732811866000001,
        0.11617786766
      ],
      "memory_usage_byte": [
        171655168,
        171655168,
        171655168,
        171655168,
        171655168,
        171655168,
        171655168,
        171655168
      ],
      "exit_codes": [
        0,
        0,
        0,
        0,
        0,
        0,
        0,
        0
      ]
    },
    {
      "command": "bun",
      "mean": 0.09472023803500002,
      "stddev": 0.0014594596895612692,
      "median": 0.09463082666,
      "user": 0.09707724,
      "system": 0.009769009999999998,
      "min": 0.09278482666,
      "max": 0.09697261866000001,
      "times": [
        0.09278482666,
        0.09479895166,
        0.09415307666,
        0.09315636766,
        0.09492124266,
        0.09651211866000001,
        0.09446270166000001,
        0.09697261866000001
      ],
      "memory_usage_byte": [
        171655168,
        171655168,
        171655168,
        171655168,
        171655168,
        171655168,
        171655168,
        171655168
      ],
      "exit_codes": [
        0,
        0,
        0,
        0,
        0,
        0,
        0,
        0
      ]
    },
    {
      "command": "deno",
      "mean": 0.11111754541000002,
      "stddev": 0.0004563832715804777,
      "median": 0.11121307666000001,
      "user": 0.11916123999999999,
      "system": 0.01112201,
      "min": 0.11033974366,
      "max": 0.11156978566,
      "times": [
        0.11033974366,
        0.11142295166,
        0.11156278466000001,
        0.11146640966,
        0.11100320166000001,
        0.11083607666,
        0.11156978566,
        0.11073940966000001
      ],
      "memory_usage_byte": [
        171655168,
        171655168,
        171655168,
        171655168,
        171655168,
        171655168,
        171655168,
        171655168
      ],
      "exit_codes": [
        0,
        0,
        0,
        0,
        0,
        0,
        0,
        0
      ]
    }
  ]
}
