{
  "results": [
    {
      "command": "volentscript",
      "mean": 1.55636386682,
      "stddev": 0.04637231568774246,
      "median": 1.53607459082,
      "user": 1.53171947,
      "system": 0.019891014999999998,
      "min": 1.5114804443199998,
      "max": 1.64929294432,
      "times": [
        1.51946302832,
        1.5344507783199999,
        1.64929294432,
        1.5313114453199999,
        1.5114804443199998,
        1.57653032032,
        1.53769840332,
        1.59068357032
      ],
      "memory_usage_byte": [
        79052800,
        79052800,
        79052800,
        79069184,
        80199680,
        80199680,
        80199680,
        80199680
      ],
      "exit_codes": [
        0,
        0,
        0,
        0,
        0,
        0,
        0,
        0
      ]
    },
    {
      "command": "c",
      "mean": 0.22980816882000002,
      "stddev": 0.04250640561598199,
      "median": 0.20589777832000003,
      "user": 0.21789834499999997,
      "system": 0.002391515,
      "min": 0.20165848632000002,
      "max": 0.31120731932,
      "times": [
        0.20445915332000003,
        0.20702644532000003,
        0.20476911132000003,
        0.20165848632000002,
        0.20325486132,
        0.22427152832000002,
        0.28181844532,
        0.31120731932
      ],
      "memory_usage_byte": [
        80199680,
        80199680,
        80199680,
        80199680,
        80199680,
        80199680,
        80199680,
        80199680
      ],
      "exit_codes": [
        0,
        0,
        0,
        0,
        0,
        0,
        0,
        0
      ]
    },
    {
      "command": "rust",
      "mean": 0.34697372632000006,
      "stddev": 0.09413066342542077,
      "median": 0.34789194482,
      "user": 0.28237972,
      "system": 0.009904640000000001,
      "min": 0.23152902832000002,
      "max": 0.46267715332000003,
      "times": [
        0.23152902832000002,
        0.25370219532000005,
        0.30046290332000003,
        0.26421582032,
        0.39532098632,
        0.42576827832,
        0.44211344532,
        0.46267715332000003
      ],
      "memory_usage_byte": [
        80199680,
        80199680,
        80199680,
        80199680,
        80199680,
        80199680,
        80199680,
        80199680
      ],
      "exit_codes": [
        0,
        0,
        0,
        0,
        0,
        0,
        0,
        0
      ]
    },
    {
      "command": "go",
      "mean": 0.45726340332000004,
      "stddev": 0.08749025352989835,
      "median": 0.45412077882,
      "user": 0.49802522000000005,
      "system": 0.025083765,
      "min": 0.32879069432,
      "max": 0.58417265332,
      "times": [
        0.53533548732,
        0.51498873632,
        0.41611231932000003,
        0.37046577832000005,
        0.42023744532,
        0.32879069432,
        0.48800411232,
        0.58417265332
      ],
      "memory_usage_byte": [
        80199680,
        80199680,
        80199680,
        80199680,
        80199680,
        80199680,
        80199680,
        80199680
      ],
      "exit_codes": [
        0,
        0,
        0,
        0,
        0,
        0,
        0,
        0
      ]
    },
    {
      "command": "java",
      "mean": 0.285283116945,
      "stddev": 0.05180177593058969,
      "median": 0.27327223682,
      "user": 0.14752747,
      "system": 0.03525326499999999,
      "min": 0.22337757032000002,
      "max": 0.37354873632,
      "times": [
        0.31640648732000004,
        0.26126923632000004,
        0.22337757032000002,
        0.33150540332,
        0.37354873632,
        0.22961302832000002,
        0.26651427832,
        0.28003019532
      ],
      "memory_usage_byte": [
        175095808,
        175095808,
        175095808,
        175095808,
        175095808,
        175095808,
        175095808,
        175095808
      ],
      "exit_codes": [
        0,
        0,
        0,
        0,
        0,
        0,
        0,
        0
      ]
    },
    {
      "command": "node",
      "mean": 0.21146973657,
      "stddev": 0.027219492894140673,
      "median": 0.20804073682000002,
      "user": 0.19957459500000002,
      "system": 0.020590265,
      "min": 0.18538636132000003,
      "max": 0.27222561132,
      "times": [
        0.27222561132,
        0.21013915332000002,
        0.19126611232000001,
        0.18538636132000003,
        0.20848369532000002,
        0.22176648632,
        0.20759777832,
        0.19489269432
      ],
      "memory_usage_byte": [
        175095808,
        175095808,
        175095808,
        175095808,
        175095808,
        175095808,
        175095808,
        175095808
      ],
      "exit_codes": [
        0,
        0,
        0,
        0,
        0,
        0,
        0,
        0
      ]
    },
    {
      "command": "bun",
      "mean": 0.20540060644500002,
      "stddev": 0.027179825986466337,
      "median": 0.20094679932000004,
      "user": 0.15269447,
      "system": 0.017542515,
      "min": 0.17014086132,
      "max": 0.25901432032000005,
      "times": [
        0.19840157032000003,
        0.17014086132,
        0.19052982032000002,
        0.18848723632000003,
        0.22761940332000002,
        0.20349202832000002,
        0.20551961132000002,
        0.25901432032000005
      ],
      "memory_usage_byte": [
        175095808,
        175095808,
        175095808,
        175095808,
        175095808,
        175095808,
        175095808,
        175095808
      ],
      "exit_codes": [
        0,
        0,
        0,
        0,
        0,
        0,
        0,
        0
      ]
    },
    {
      "command": "deno",
      "mean": 0.255691392945,
      "stddev": 0.017681383574599006,
      "median": 0.25203704882,
      "user": 0.22016172,
      "system": 0.023182515,
      "min": 0.24099144532000003,
      "max": 0.29713686232000003,
      "times": [
        0.25420232032,
        0.24526548632000003,
        0.25415027832000003,
        0.24992381932000002,
        0.25824544532000004,
        0.29713686232000003,
        0.24561548632000002,
        0.24099144532000003
      ],
      "memory_usage_byte": [
        175095808,
        175095808,
        175095808,
        175095808,
        175095808,
        175095808,
        175095808,
        175095808
      ],
      "exit_codes": [
        0,
        0,
        0,
        0,
        0,
        0,
        0,
        0
      ]
    }
  ]
}
