{
  "results": [
    {
      "command": "volentscript",
      "mean": 0.328885436425,
      "stddev": 0.0036196044288639147,
      "median": 0.3279318998,
      "user": 0.39950912000000005,
      "system": 0.0924866,
      "min": 0.3251656913,
      "max": 0.3356681083,
      "times": [
        0.3288244423,
        0.3260701913,
        0.3329286083,
        0.3251656913,
        0.3356681083,
        0.3274964413,
        0.3265626503,
        0.32836735829999997
      ],
      "memory_usage_byte": [
        49348608,
        49348608,
        49348608,
        49348608,
        49348608,
        49381376,
        49381376,
        49381376
      ],
      "exit_codes": [
        0,
        0,
        0,
        0,
        0,
        0,
        0,
        0
      ]
    },
    {
      "command": "c",
      "mean": 0.19820474380000003,
      "stddev": 0.004663667181383276,
      "median": 0.19917448380000002,
      "user": 0.19613987,
      "system": 0.0012944749999999998,
      "min": 0.1876648163,
      "max": 0.2018584833,
      "times": [
        0.1876648163,
        0.19806156630000002,
        0.20181140030000003,
        0.19997277530000002,
        0.19665235830000002,
        0.2012403583,
        0.1983761923,
        0.2018584833
      ],
      "memory_usage_byte": [
        49381376,
        49381376,
        49381376,
        49381376,
        49381376,
        49381376,
        49381376,
        49381376
      ],
      "exit_codes": [
        0,
        0,
        0,
        0,
        0,
        0,
        0,
        0
      ]
    },
    {
      "command": "rust",
      "mean": 0.206780098175,
      "stddev": 0.003090993896253547,
      "median": 0.2070388588,
      "user": 0.20466136999999995,
      "system": 0.0013414749999999995,
      "min": 0.20231252530000002,
      "max": 0.2116896923,
      "times": [
        0.20458477530000002,
        0.2038509413,
        0.2083527333,
        0.2093724003,
        0.2072508173,
        0.20231252530000002,
        0.2116896923,
        0.2068269003
      ],
      "memory_usage_byte": [
        49381376,
        49381376,
        49381376,
        49381376,
        49381376,
        49381376,
        49381376,
        49381376
      ],
      "exit_codes": [
        0,
        0,
        0,
        0,
        0,
        0,
        0,
        0
      ]
    },
    {
      "command": "go",
      "mean": 0.187535754175,
      "stddev": 0.0023307347131634186,
      "median": 0.18695150430000002,
      "user": 0.34744462000000004,
      "system": 0.016972849999999998,
      "min": 0.18553644230000002,
      "max": 0.1928426913,
      "times": [
        0.1928426913,
        0.1880114833,
        0.18553644230000002,
        0.18592644130000002,
        0.1862063163,
        0.1874486083,
        0.18645440030000002,
        0.18785965030000001
      ],
      "memory_usage_byte": [
        49381376,
        49381376,
        49381376,
        49381376,
        49381376,
        49381376,
        49381376,
        49381376
      ],
      "exit_codes": [
        0,
        0,
        0,
        0,
        0,
        0,
        0,
        0
      ]
    },
    {
      "command": "java",
      "mean": 0.078987832425,
      "stddev": 0.0005249589651148094,
      "median": 0.0791029208,
      "user": 0.082743495,
      "system": 0.016546599999999998,
      "min": 0.07827760830000001,
      "max": 0.07969273330000001,
      "times": [
        0.07969273330000001,
        0.07919110830000001,
        0.0795549833,
        0.07834381730000001,
        0.0791117333,
        0.07909410830000001,
        0.0786365673,
        0.07827760830000001
      ],
      "memory_usage_byte": [
        171720704,
        171720704,
        171720704,
        171720704,
        171720704,
        171802624,
        171802624,
        171802624
      ],
      "exit_codes": [
        0,
        0,
        0,
        0,
        0,
        0,
        0,
        0
      ]
    },
    {
      "command": "node",
      "mean": 0.114809483175,
      "stddev": 0.0006388010781213373,
      "median": 0.11462010830000001,
      "user": 0.12497611999999998,
      "system": 0.011150849999999999,
      "min": 0.1139522743,
      "max": 0.1158267743,
      "times": [
        0.11529119130000001,
        0.1142429003,
        0.1145805663,
        0.1139522743,
        0.11450694230000001,
        0.1158267743,
        0.11541556630000001,
        0.11465965030000001
      ],
      "memory_usage_byte": [
        171802624,
        171802624,
        171802624,
        171802624,
        171802624,
        171802624,
        171802624,
        171802624
      ],
      "exit_codes": [
        0,
        0,
        0,
        0,
        0,
        0,
        0,
        0
      ]
    },
    {
      "command": "bun",
      "mean": 0.093391420675,
      "stddev": 0.0006594253575957379,
      "median": 0.0935562328,
      "user": 0.09585362,
      "system": 0.009677099999999998,
      "min": 0.09235902530000001,
      "max": 0.0940776913,
      "times": [
        0.0940776913,
        0.0926377753,
        0.09235902530000001,
        0.09392989930000001,
        0.0930509833,
        0.0938315663,
        0.09328089930000001,
        0.0939635253
      ],
      "memory_usage_byte": [
        171802624,
        171802624,
        171802624,
        171802624,
        171802624,
        171802624,
        171802624,
        171802624
      ],
      "exit_codes": [
        0,
        0,
        0,
        0,
        0,
        0,
        0,
        0
      ]
    },
    {
      "command": "deno",
      "mean": 0.11347772280000001,
      "stddev": 0.0034893853667577563,
      "median": 0.1127655873,
      "user": 0.120244745,
      "system": 0.012825474999999998,
      "min": 0.1096344833,
      "max": 0.11808606630000001,
      "times": [
        0.1096344833,
        0.11054735830000001,
        0.11755160830000001,
        0.1148113993,
        0.1159316083,
        0.11808606630000001,
        0.1107197753,
        0.1105394833
      ],
      "memory_usage_byte": [
        171802624,
        171802624,
        171802624,
        171802624,
        171802624,
        171802624,
        171802624,
        171802624
      ],
      "exit_codes": [
        0,
        0,
        0,
        0,
        0,
        0,
        0,
        0
      ]
    }
  ]
}
