{
  "results": [
    {
      "command": "volentscript",
      "mean": 1.5612633018750002,
      "stddev": 0.04230931710433104,
      "median": 1.5619364635,
      "user": 1.5376136049999998,
      "system": 0.015290989999999999,
      "min": 1.4968486300000001,
      "max": 1.641760171,
      "times": [
        1.641760171,
        1.5368786300000001,
        1.555389172,
        1.579474255,
        1.5759500050000002,
        1.5684837550000001,
        1.535321797,
        1.4968486300000001
      ],
      "memory_usage_byte": [
        79527936,
        79527936,
        79527936,
        79527936,
        79527936,
        79527936,
        79527936,
        79527936
      ],
      "exit_codes": [
        0,
        0,
        0,
        0,
        0,
        0,
        0,
        0
      ]
    },
    {
      "command": "c",
      "mean": 0.201066062375,
      "stddev": 0.00512865231214932,
      "median": 0.200324255,
      "user": 0.19880348,
      "system": 0.0011359899999999995,
      "min": 0.19501988,
      "max": 0.20993533800000003,
      "times": [
        0.19925129700000002,
        0.207021964,
        0.20139721300000002,
        0.20993533800000003,
        0.20141692200000003,
        0.19501988,
        0.196664255,
        0.19782163000000003
      ],
      "memory_usage_byte": [
        79527936,
        79527936,
        79527936,
        79527936,
        79527936,
        79527936,
        79527936,
        79527936
      ],
      "exit_codes": [
        0,
        0,
        0,
        0,
        0,
        0,
        0,
        0
      ]
    },
    {
      "command": "rust",
      "mean": 0.207371656125,
      "stddev": 0.005302294931900432,
      "median": 0.20624113000000002,
      "user": 0.20569648,
      "system": 0.0010534899999999992,
      "min": 0.201506714,
      "max": 0.21458533800000001,
      "times": [
        0.20703800500000002,
        0.21331813000000002,
        0.21205863000000003,
        0.21458533800000001,
        0.201506714,
        0.20152092200000002,
        0.20544425500000002,
        0.20350125500000002
      ],
      "memory_usage_byte": [
        79527936,
        79527936,
        79527936,
        79527936,
        79527936,
        79527936,
        79527936,
        79527936
      ],
      "exit_codes": [
        0,
        0,
        0,
        0,
        0,
        0,
        0,
        0
      ]
    },
    {
      "command": "go",
      "mean": 0.2032058435,
      "stddev": 0.02207550440279975,
      "median": 0.19598315100000002,
      "user": 0.36188560499999994,
      "system": 0.020753614999999996,
      "min": 0.18939608800000002,
      "max": 0.257173505,
      "times": [
        0.201124297,
        0.195760547,
        0.19418817200000002,
        0.18939608800000002,
        0.193530838,
        0.196205755,
        0.257173505,
        0.19826754600000002
      ],
      "memory_usage_byte": [
        79527936,
        79527936,
        79527936,
        79527936,
        79527936,
        79527936,
        79527936,
        79527936
      ],
      "exit_codes": [
        0,
        0,
        0,
        0,
        0,
        0,
        0,
        0
      ]
    },
    {
      "command": "java",
      "mean": 0.08117790587500001,
      "stddev": 0.0017928541925303228,
      "median": 0.08053125500000001,
      "user": 0.08515673,
      "system": 0.01721599,
      "min": 0.07963167100000001,
      "max": 0.08424329600000001,
      "times": [
        0.081613296,
        0.080686505,
        0.07963167100000001,
        0.079702672,
        0.08037600500000001,
        0.08424329600000001,
        0.07969663,
        0.08347317200000001
      ],
      "memory_usage_byte": [
        171737088,
        171753472,
        171753472,
        171753472,
        171753472,
        171769856,
        171769856,
        171769856
      ],
      "exit_codes": [
        0,
        0,
        0,
        0,
        0,
        0,
        0,
        0
      ]
    },
    {
      "command": "node",
      "mean": 0.117069676875,
      "stddev": 0.0027807469786445857,
      "median": 0.116352338,
      "user": 0.12868097999999997,
      "system": 0.010641739999999998,
      "min": 0.11351513,
      "max": 0.12307738000000001,
      "times": [
        0.11607800500000001,
        0.11351513,
        0.116245546,
        0.11592771400000002,
        0.11645913000000001,
        0.118475588,
        0.11677892200000001,
        0.12307738000000001
      ],
      "memory_usage_byte": [
        171769856,
        171769856,
        171769856,
        171769856,
        171769856,
        171769856,
        171769856,
        171769856
      ],
      "exit_codes": [
        0,
        0,
        0,
        0,
        0,
        0,
        0,
        0
      ]
    },
    {
      "command": "bun",
      "mean": 0.09460482287500001,
      "stddev": 0.0015861097538070424,
      "median": 0.0947042555,
      "user": 0.09664060499999999,
      "system": 0.010337989999999998,
      "min": 0.09237363000000001,
      "max": 0.09706738000000001,
      "times": [
        0.09345800500000001,
        0.094721172,
        0.09639492200000001,
        0.09237363000000001,
        0.09321613000000001,
        0.09468733900000001,
        0.09706738000000001,
        0.09492000500000002
      ],
      "memory_usage_byte": [
        171769856,
        171769856,
        171769856,
        171769856,
        171769856,
        171769856,
        171769856,
        171769856
      ],
      "exit_codes": [
        0,
        0,
        0,
        0,
        0,
        0,
        0,
        0
      ]
    },
    {
      "command": "deno",
      "mean": 0.1112047655,
      "stddev": 0.0016029467593623586,
      "median": 0.11083300500000001,
      "user": 0.12005822999999999,
      "system": 0.011538489999999998,
      "min": 0.10932654700000001,
      "max": 0.11405050500000001,
      "times": [
        0.11405050500000001,
        0.10999829700000001,
        0.110398297,
        0.110719463,
        0.11318363000000001,
        0.110946547,
        0.10932654700000001,
        0.111014838
      ],
      "memory_usage_byte": [
        171769856,
        171769856,
        171769856,
        171769856,
        171769856,
        171769856,
        171769856,
        171769856
      ],
      "exit_codes": [
        0,
        0,
        0,
        0,
        0,
        0,
        0,
        0
      ]
    }
  ]
}
