{
  "results": [
    {
      "command": "volentscript",
      "mean": 0.38737912298500005,
      "stddev": 0.017425169400252283,
      "median": 0.38253750886000004,
      "user": 0.3773538499999999,
      "system": 0.00610785,
      "min": 0.37014338336,
      "max": 0.41807438336,
      "times": [
        0.37014338336,
        0.39733492436,
        0.38448821736,
        0.37292484136,
        0.38058680036000003,
        0.37156325836,
        0.41807438336,
        0.40391717536
      ],
      "memory_usage_byte": [
        41467904,
        41484288,
        41484288,
        41484288,
        41484288,
        41484288,
        41484288,
        41484288
      ],
      "exit_codes": [
        0,
        0,
        0,
        0,
        0,
        0,
        0,
        0
      ]
    },
    {
      "command": "c",
      "mean": 0.21084728961000004,
      "stddev": 0.014926582364008808,
      "median": 0.20411607086000003,
      "user": 0.20682147499999998,
      "system": 0.001633725,
      "min": 0.19666650836000002,
      "max": 0.23504092536,
      "times": [
        0.19769488336000002,
        0.20065992436000002,
        0.23504092536,
        0.20506500836000002,
        0.22899438336000003,
        0.21948955036000004,
        0.20316713336000003,
        0.19666650836000002
      ],
      "memory_usage_byte": [
        41484288,
        41484288,
        41484288,
        41484288,
        41484288,
        41484288,
        41484288,
        41484288
      ],
      "exit_codes": [
        0,
        0,
        0,
        0,
        0,
        0,
        0,
        0
      ]
    },
    {
      "command": "rust",
      "mean": 0.20662130536000003,
      "stddev": 0.0025839048949894776,
      "median": 0.20598244636000002,
      "user": 0.20438835000000002,
      "system": 0.0012778499999999999,
      "min": 0.20389121636000002,
      "max": 0.21112655036000003,
      "times": [
        0.20708609236000003,
        0.20487880036000003,
        0.20389121636000002,
        0.21112655036000003,
        0.20936625836000003,
        0.20478742536000002,
        0.20730325836000002,
        0.20453084136000002
      ],
      "memory_usage_byte": [
        41484288,
        41484288,
        41484288,
        41484288,
        41484288,
        41484288,
        41484288,
        41484288
      ],
      "exit_codes": [
        0,
        0,
        0,
        0,
        0,
        0,
        0,
        0
      ]
    },
    {
      "command": "go",
      "mean": 0.18996334698500003,
      "stddev": 0.0032515533529067944,
      "median": 0.18832298786,
      "user": 0.3502606,
      "system": 0.017455725,
      "min": 0.18709375836000003,
      "max": 0.19605400836000003,
      "times": [
        0.18827446736000003,
        0.18725100836000003,
        0.19605400836000003,
        0.19154513336000004,
        0.19308075836000002,
        0.18709375836000003,
        0.18803613336000002,
        0.18837150836000002
      ],
      "memory_usage_byte": [
        41484288,
        41484288,
        41484288,
        41484288,
        41484288,
        41484288,
        41484288,
        41484288
      ],
      "exit_codes": [
        0,
        0,
        0,
        0,
        0,
        0,
        0,
        0
      ]
    },
    {
      "command": "java",
      "mean": 0.08592169036000001,
      "stddev": 0.0052707814554721,
      "median": 0.08489379986000001,
      "user": 0.087757225,
      "system": 0.018979225,
      "min": 0.08033946636,
      "max": 0.09410659136,
      "times": [
        0.08822434136,
        0.08147204936,
        0.09254475836,
        0.08484792536,
        0.08089871636,
        0.08493967436000001,
        0.08033946636,
        0.09410659136
      ],
      "memory_usage_byte": [
        171556864,
        171556864,
        171556864,
        171556864,
        171737088,
        171737088,
        171737088,
        171737088
      ],
      "exit_codes": [
        0,
        0,
        0,
        0,
        0,
        0,
        0,
        0
      ]
    },
    {
      "command": "node",
      "mean": 0.119191961235,
      "stddev": 0.00370460318125377,
      "median": 0.11851798736000001,
      "user": 0.12888485000000002,
      "system": 0.011851474999999998,
      "min": 0.11492571636,
      "max": 0.12496017536,
      "times": [
        0.11492571636,
        0.11832717436000001,
        0.12277580036,
        0.12496017536,
        0.11870880036,
        0.11543842436,
        0.11631179936000001,
        0.12208779936000001
      ],
      "memory_usage_byte": [
        171737088,
        171737088,
        171737088,
        171737088,
        171737088,
        171737088,
        171737088,
        171737088
      ],
      "exit_codes": [
        0,
        0,
        0,
        0,
        0,
        0,
        0,
        0
      ]
    },
    {
      "command": "bun",
      "mean": 0.09805608123500001,
      "stddev": 0.005431975519267985,
      "median": 0.09587319586000001,
      "user": 0.097478475,
      "system": 0.01100485,
      "min": 0.09389904936,
      "max": 0.10847117536,
      "times": [
        0.10847117536,
        0.09608188336000001,
        0.09622634136000001,
        0.09420625836,
        0.10473675836,
        0.09516267536,
        0.09566450836000001,
        0.09389904936
      ],
      "memory_usage_byte": [
        171737088,
        171737088,
        171737088,
        171737088,
        171737088,
        171737088,
        171737088,
        171737088
      ],
      "exit_codes": [
        0,
        0,
        0,
        0,
        0,
        0,
        0,
        0
      ]
    },
    {
      "command": "deno",
      "mean": 0.11738775811000002,
      "stddev": 0.010246274122461456,
      "median": 0.11451007036000001,
      "user": 0.12195247499999999,
      "system": 0.013326975,
      "min": 0.11092200836,
      "max": 0.14191834136000003,
      "times": [
        0.11104775836000001,
        0.14191834136000003,
        0.11496996636000001,
        0.11405017436,
        0.11737996636,
        0.11727013336,
        0.11154371636,
        0.11092200836
      ],
      "memory_usage_byte": [
        171737088,
        171737088,
        171737088,
        171737088,
        171737088,
        171737088,
        171737088,
        171737088
      ],
      "exit_codes": [
        0,
        0,
        0,
        0,
        0,
        0,
        0,
        0
      ]
    }
  ]
}
