{
  "results": [
    {
      "command": "volentscript",
      "mean": 1.51004817247,
      "stddev": 0.0368345434546265,
      "median": 1.5068769847199999,
      "user": 1.4961554349999997,
      "system": 0.01035409,
      "min": 1.4662174017199998,
      "max": 1.5817006517199999,
      "times": [
        1.5262828597199998,
        1.48060694372,
        1.5817006517199999,
        1.4662174017199998,
        1.48112335972,
        1.5106622347199998,
        1.53070019372,
        1.50309173472
      ],
      "memory_usage_byte": [
        79134720,
        79134720,
        79134720,
        79134720,
        79134720,
        79134720,
        80199680,
        80199680
      ],
      "exit_codes": [
        0,
        0,
        0,
        0,
        0,
        0,
        0,
        0
      ]
    },
    {
      "command": "c",
      "mean": 0.20150430797000005,
      "stddev": 0.005209560916771272,
      "median": 0.20052173522000002,
      "user": 0.199928685,
      "system": 0.0007398400000000002,
      "min": 0.19581819272000003,
      "max": 0.21324269372000001,
      "times": [
        0.21324269372000001,
        0.19581819272000003,
        0.20180256872000002,
        0.19865185972000002,
        0.20280152672,
        0.20057735972000001,
        0.19867415172000003,
        0.20046611072000003
      ],
      "memory_usage_byte": [
        80199680,
        80199680,
        80199680,
        80199680,
        80199680,
        80199680,
        80199680,
        80199680
      ],
      "exit_codes": [
        0,
        0,
        0,
        0,
        0,
        0,
        0,
        0
      ]
    },
    {
      "command": "rust",
      "mean": 0.204924589345,
      "stddev": 0.003279474294001707,
      "median": 0.20499315172000002,
      "user": 0.203319935,
      "system": 0.0007223400000000002,
      "min": 0.20123006872000002,
      "max": 0.20890052672000003,
      "times": [
        0.20123006872000002,
        0.20385931872000002,
        0.20890052672000003,
        0.20793406872000003,
        0.20827290172000001,
        0.20612698472000002,
        0.20163398472000002,
        0.20143886072000003
      ],
      "memory_usage_byte": [
        80199680,
        80199680,
        80199680,
        80199680,
        80199680,
        80199680,
        80199680,
        80199680
      ],
      "exit_codes": [
        0,
        0,
        0,
        0,
        0,
        0,
        0,
        0
      ]
    },
    {
      "command": "go",
      "mean": 0.18763670884500003,
      "stddev": 0.0020963710947945607,
      "median": 0.18751254722000002,
      "user": 0.346628185,
      "system": 0.016280714999999998,
      "min": 0.18549048472000002,
      "max": 0.19230110972000003,
      "times": [
        0.18805815172000004,
        0.18588031872000002,
        0.18740094272000002,
        0.18762415172000002,
        0.19230110972000003,
        0.18773723472000003,
        0.18660127672000001,
        0.18549048472000002
      ],
      "memory_usage_byte": [
        80199680,
        80199680,
        80199680,
        80199680,
        80199680,
        80199680,
        80199680,
        80199680
      ],
      "exit_codes": [
        0,
        0,
        0,
        0,
        0,
        0,
        0,
        0
      ]
    },
    {
      "command": "java",
      "mean": 0.08021469847,
      "stddev": 0.003528192952012029,
      "median": 0.07905456872,
      "user": 0.08352756,
      "system": 0.016704715,
      "min": 0.07703098472,
      "max": 0.08579515172,
      "times": [
        0.07735985972000001,
        0.07763823472,
        0.08041956772,
        0.08579515172,
        0.07703098472,
        0.07810181872000001,
        0.08536465172,
        0.08000731872
      ],
      "memory_usage_byte": [
        171802624,
        171884544,
        171884544,
        171884544,
        171884544,
        171884544,
        171884544,
        171884544
      ],
      "exit_codes": [
        0,
        0,
        0,
        0,
        0,
        0,
        0,
        0
      ]
    },
    {
      "command": "node",
      "mean": 0.114350589345,
      "stddev": 0.0005338232420270485,
      "median": 0.11429773522,
      "user": 0.12436981,
      "system": 0.010207089999999999,
      "min": 0.11358477672,
      "max": 0.11507677672000001,
      "times": [
        0.11395331872,
        0.11474027672,
        0.11358477672,
        0.11409831872000001,
        0.11449715172000001,
        0.11491411072,
        0.11507677672000001,
        0.11393998472000001
      ],
      "memory_usage_byte": [
        171884544,
        171884544,
        171884544,
        171884544,
        171884544,
        171884544,
        171884544,
        171884544
      ],
      "exit_codes": [
        0,
        0,
        0,
        0,
        0,
        0,
        0,
        0
      ]
    },
    {
      "command": "bun",
      "mean": 0.093084953845,
      "stddev": 0.0011601795592308018,
      "median": 0.09291063122000001,
      "user": 0.094822685,
      "system": 0.009345339999999999,
      "min": 0.09176998572,
      "max": 0.09506731772,
      "times": [
        0.09176998572,
        0.09244402672,
        0.09196235972000001,
        0.09450723472,
        0.09506731772,
        0.09284723572,
        0.09310744372,
        0.09297402672
      ],
      "memory_usage_byte": [
        171884544,
        171884544,
        171884544,
        171884544,
        171884544,
        171884544,
        171884544,
        171884544
      ],
      "exit_codes": [
        0,
        0,
        0,
        0,
        0,
        0,
        0,
        0
      ]
    },
    {
      "command": "deno",
      "mean": 0.11004807347,
      "stddev": 0.0008452324979763582,
      "median": 0.10957713072,
      "user": 0.11804468500000001,
      "system": 0.011338839999999998,
      "min": 0.10951602672,
      "max": 0.11174581772,
      "times": [
        0.11096981772,
        0.11174581772,
        0.10951602672,
        0.10952115172,
        0.10955223472,
        0.10992861072,
        0.10960202672000001,
        0.10954890172000001
      ],
      "memory_usage_byte": [
        171884544,
        171884544,
        171884544,
        171884544,
        171884544,
        171884544,
        171884544,
        171884544
      ],
      "exit_codes": [
        0,
        0,
        0,
        0,
        0,
        0,
        0,
        0
      ]
    }
  ]
}
