{
  "results": [
    {
      "command": "volentscript",
      "mean": 1.6284920291000002,
      "stddev": 0.038299332167279876,
      "median": 1.6253563285000001,
      "user": 1.6066278600000001,
      "system": 0.01694854,
      "min": 1.5891983715,
      "max": 1.6911691205000001,
      "times": [
        1.6911691205000001,
        1.6253563285000001,
        1.6088779545000003,
        1.5891983715,
        1.6278583705
      ],
      "memory_usage_byte": [
        90177536,
        90177536,
        90177536,
        90177536,
        90177536
      ],
      "exit_codes": [
        0,
        0,
        0,
        0,
        0
      ]
    },
    {
      "command": "c",
      "mean": 0.2060901041,
      "stddev": 0.00453761323563912,
      "median": 0.2048085795,
      "user": 0.20114646,
      "system": 0.0030437400000000005,
      "min": 0.2010451625,
      "max": 0.21295637050000002,
      "times": [
        0.21295637050000002,
        0.2048085795,
        0.20781703750000002,
        0.20382337050000002,
        0.2010451625
      ],
      "memory_usage_byte": [
        90177536,
        90177536,
        90177536,
        90177536,
        90177536
      ],
      "exit_codes": [
        0,
        0,
        0,
        0,
        0
      ]
    },
    {
      "command": "rust",
      "mean": 0.20878622890000004,
      "stddev": 0.005572721638993944,
      "median": 0.20725712050000003,
      "user": 0.20547825999999997,
      "system": 0.00214614,
      "min": 0.20345882850000002,
      "max": 0.21809045350000003,
      "times": [
        0.2061592875,
        0.20725712050000003,
        0.21809045350000003,
        0.2089654545,
        0.20345882850000002
      ],
      "memory_usage_byte": [
        90177536,
        90177536,
        90177536,
        90177536,
        90177536
      ],
      "exit_codes": [
        0,
        0,
        0,
        0,
        0
      ]
    },
    {
      "command": "go",
      "mean": 0.1971829127,
      "stddev": 0.01207433339170556,
      "median": 0.19232070450000002,
      "user": 0.35672086,
      "system": 0.019388739999999998,
      "min": 0.1879862465,
      "max": 0.21830549550000003,
      "times": [
        0.19232070450000002,
        0.19503432950000002,
        0.21830549550000003,
        0.1922677875,
        0.1879862465
      ],
      "memory_usage_byte": [
        90177536,
        90177536,
        90177536,
        90177536,
        90177536
      ],
      "exit_codes": [
        0,
        0,
        0,
        0,
        0
      ]
    },
    {
      "command": "java",
      "mean": 0.0843700041,
      "stddev": 0.0024628267461496954,
      "median": 0.08467257850000001,
      "user": 0.08689786,
      "system": 0.01856674,
      "min": 0.08176095450000001,
      "max": 0.08752720450000001,
      "times": [
        0.08206932950000001,
        0.08467257850000001,
        0.0858199535,
        0.08176095450000001,
        0.08752720450000001
      ],
      "memory_usage_byte": [
        171753472,
        171753472,
        171753472,
        171753472,
        171753472
      ],
      "exit_codes": [
        0,
        0,
        0,
        0,
        0
      ]
    },
    {
      "command": "node",
      "mean": 0.12154675410000002,
      "stddev": 0.0029999303211216094,
      "median": 0.12179466250000001,
      "user": 0.13040546,
      "system": 0.012954139999999998,
      "min": 0.11858853750000001,
      "max": 0.1262320795,
      "times": [
        0.11858853750000001,
        0.1218404955,
        0.11927799550000001,
        0.1262320795,
        0.12179466250000001
      ],
      "memory_usage_byte": [
        171753472,
        171753472,
        171753472,
        171753472,
        171753472
      ],
      "exit_codes": [
        0,
        0,
        0,
        0,
        0
      ]
    },
    {
      "command": "bun",
      "mean": 0.09545472890000001,
      "stddev": 0.0007734077143620947,
      "median": 0.09500362050000001,
      "user": 0.09772726,
      "system": 0.00993614,
      "min": 0.09480662050000001,
      "max": 0.09643866250000001,
      "times": [
        0.09480662050000001,
        0.0948821625,
        0.09500362050000001,
        0.0961425785,
        0.09643866250000001
      ],
      "memory_usage_byte": [
        171753472,
        171753472,
        171753472,
        171753472,
        171753472
      ],
      "exit_codes": [
        0,
        0,
        0,
        0,
        0
      ]
    },
    {
      "command": "deno",
      "mean": 0.11382140410000001,
      "stddev": 0.0008872052286840372,
      "median": 0.11386612050000001,
      "user": 0.12241946,
      "system": 0.012702539999999998,
      "min": 0.11276762050000001,
      "max": 0.1151227045,
      "times": [
        0.11276762050000001,
        0.1151227045,
        0.11406257950000001,
        0.11328799550000002,
        0.11386612050000001
      ],
      "memory_usage_byte": [
        171753472,
        171753472,
        171753472,
        171753472,
        171753472
      ],
      "exit_codes": [
        0,
        0,
        0,
        0,
        0
      ]
    }
  ]
}
