{
  "results": [
    {
      "command": "volentscript",
      "mean": 0.11469303930000001,
      "stddev": 0.00123412989441679,
      "median": 0.11428955610000001,
      "user": 0.11233642000000002,
      "system": 0.0013617399999999997,
      "min": 0.1138885141,
      "max": 0.1168784721,
      "times": [
        0.11428955610000001,
        0.1143235981,
        0.1138885141,
        0.11408505610000001,
        0.1168784721
      ],
      "memory_usage_byte": [
        6291456,
        6291456,
        6291456,
        6291456,
        6291456
      ],
      "exit_codes": [
        0,
        0,
        0,
        0,
        0
      ]
    },
    {
      "command": "c",
      "mean": 0.0192420225,
      "stddev": 0.0008433211781642273,
      "median": 0.018852264100000002,
      "user": 0.01798822,
      "system": 0.0005987399999999997,
      "min": 0.018819056100000002,
      "max": 0.020746389100000002,
      "times": [
        0.018819056100000002,
        0.018852264100000002,
        0.0189725141,
        0.020746389100000002,
        0.0188198891
      ],
      "memory_usage_byte": [
        6291456,
        6291456,
        6291456,
        6291456,
        6291456
      ],
      "exit_codes": [
        0,
        0,
        0,
        0,
        0
      ]
    },
    {
      "command": "rust",
      "mean": 0.017742030500000002,
      "stddev": 0.0007104303059521744,
      "median": 0.0175147221,
      "user": 0.01653822,
      "system": 0.0005853399999999996,
      "min": 0.0171048471,
      "max": 0.0189420141,
      "times": [
        0.0177544721,
        0.017394097100000002,
        0.0189420141,
        0.0175147221,
        0.0171048471
      ],
      "memory_usage_byte": [
        6291456,
        6291456,
        6291456,
        6291456,
        6291456
      ],
      "exit_codes": [
        0,
        0,
        0,
        0,
        0
      ]
    },
    {
      "command": "go",
      "mean": 0.0230930309,
      "stddev": 0.0002507785210214389,
      "median": 0.023086306100000002,
      "user": 0.02117982,
      "system": 0.0011537399999999997,
      "min": 0.0228300141,
      "max": 0.023492722100000002,
      "times": [
        0.0228300141,
        0.023086306100000002,
        0.0231121391,
        0.0229439731,
        0.023492722100000002
      ],
      "memory_usage_byte": [
        6291456,
        6291456,
        6291456,
        6291456,
        6291456
      ],
      "exit_codes": [
        0,
        0,
        0,
        0,
        0
      ]
    },
    {
      "command": "java",
      "mean": 0.033254897500000005,
      "stddev": 0.000534641244322581,
      "median": 0.033593889099999996,
      "user": 0.027459420000000002,
      "system": 0.008944339999999999,
      "min": 0.03241547310000001,
      "max": 0.03362355510000001,
      "times": [
        0.033593889099999996,
        0.03362355510000001,
        0.03241547310000001,
        0.0330214311,
        0.0336201391
      ],
      "memory_usage_byte": [
        42516480,
        42549248,
        42549248,
        42549248,
        42549248
      ],
      "exit_codes": [
        0,
        0,
        0,
        0,
        0
      ]
    },
    {
      "command": "node",
      "mean": 0.07477108910000001,
      "stddev": 0.004080261973231804,
      "median": 0.07585138910000001,
      "user": 0.06982801999999999,
      "system": 0.004263939999999999,
      "min": 0.06897272210000001,
      "max": 0.07891030610000001,
      "times": [
        0.07891030610000001,
        0.0723674311,
        0.06897272210000001,
        0.07585138910000001,
        0.0777535971
      ],
      "memory_usage_byte": [
        50462720,
        50495488,
        50495488,
        50495488,
        50528256
      ],
      "exit_codes": [
        0,
        0,
        0,
        0,
        0
      ]
    },
    {
      "command": "bun",
      "mean": 0.04219894750000001,
      "stddev": 0.00039454934236391717,
      "median": 0.0423195561,
      "user": 0.03875902,
      "system": 0.00346934,
      "min": 0.04165288910000001,
      "max": 0.042695556100000004,
      "times": [
        0.0423377221,
        0.0419890141,
        0.0423195561,
        0.04165288910000001,
        0.042695556100000004
      ],
      "memory_usage_byte": [
        50528256,
        50528256,
        50528256,
        50528256,
        50528256
      ],
      "exit_codes": [
        0,
        0,
        0,
        0,
        0
      ]
    },
    {
      "command": "deno",
      "mean": 0.0652548055,
      "stddev": 0.0001997769998618501,
      "median": 0.0652349311,
      "user": 0.05986682,
      "system": 0.00623714,
      "min": 0.0650295141,
      "max": 0.06546722210000001,
      "times": [
        0.0650295141,
        0.06546722210000001,
        0.06544843010000001,
        0.0650939301,
        0.0652349311
      ],
      "memory_usage_byte": [
        55410688,
        55541760,
        55541760,
        55541760,
        55541760
      ],
      "exit_codes": [
        0,
        0,
        0,
        0,
        0
      ]
    }
  ]
}
