{
  "results": [
    {
      "command": "volentscript",
      "mean": 0.10743022349999999,
      "stddev": 0.003199110082690317,
      "median": 0.106513682,
      "user": 0.106236345,
      "system": 0.0006699000000000003,
      "min": 0.10454116050000001,
      "max": 0.1137032855,
      "times": [
        0.1046731605,
        0.10454116050000001,
        0.10632857750000001,
        0.10536116150000001,
        0.1137032855,
        0.1106406615,
        0.1066987865,
        0.10749499450000001
      ],
      "memory_usage_byte": [
        6307840,
        6307840,
        6307840,
        6307840,
        6307840,
        6307840,
        6307840,
        6307840
      ],
      "exit_codes": [
        0,
        0,
        0,
        0,
        0,
        0,
        0,
        0
      ]
    },
    {
      "command": "c",
      "mean": 0.017168051375,
      "stddev": 0.0006537480354032068,
      "median": 0.017082140000000003,
      "user": 0.017289719999999998,
      "system": 0.0,
      "min": 0.0164757025,
      "max": 0.0185074935,
      "times": [
        0.016895952500000002,
        0.0185074935,
        0.0173869945,
        0.0172683275,
        0.0165311195,
        0.0164757025,
        0.0174384935,
        0.016840327500000002
      ],
      "memory_usage_byte": [
        6307840,
        6307840,
        6307840,
        6307840,
        6307840,
        6307840,
        6307840,
        6307840
      ],
      "exit_codes": [
        0,
        0,
        0,
        0,
        0,
        0,
        0,
        0
      ]
    },
    {
      "command": "rust",
      "mean": 0.015518926249999999,
      "stddev": 0.0005011255229366188,
      "median": 0.015517369,
      "user": 0.015499220000000001,
      "system": 0.00001597500000000005,
      "min": 0.014736785500000002,
      "max": 0.0162786195,
      "times": [
        0.0155033685,
        0.0162786195,
        0.0152340355,
        0.0160066185,
        0.0155313695,
        0.014736785500000002,
        0.015088327500000002,
        0.0157722855
      ],
      "memory_usage_byte": [
        6307840,
        6307840,
        6307840,
        6307840,
        6307840,
        6307840,
        6307840,
        6307840
      ],
      "exit_codes": [
        0,
        0,
        0,
        0,
        0,
        0,
        0,
        0
      ]
    },
    {
      "command": "go",
      "mean": 0.020897514875000002,
      "stddev": 0.0003329680256858385,
      "median": 0.0209084735,
      "user": 0.020609719999999998,
      "system": 0.00023190000000000027,
      "min": 0.0202807435,
      "max": 0.0213958695,
      "times": [
        0.020667077500000002,
        0.0209511195,
        0.0208434525,
        0.021001910500000002,
        0.021174118500000002,
        0.0213958695,
        0.0208658275,
        0.0202807435
      ],
      "memory_usage_byte": [
        6307840,
        6307840,
        6307840,
        6307840,
        6307840,
        6307840,
        6307840,
        6307840
      ],
      "exit_codes": [
        0,
        0,
        0,
        0,
        0,
        0,
        0,
        0
      ]
    },
    {
      "command": "java",
      "mean": 0.0311595775,
      "stddev": 0.0006090583503728173,
      "median": 0.0310807025,
      "user": 0.026696844999999997,
      "system": 0.007958525,
      "min": 0.030449369500000004,
      "max": 0.032107077500000004,
      "times": [
        0.032107077500000004,
        0.0312791605,
        0.0304967025,
        0.0307713695,
        0.030882244500000003,
        0.030449369500000004,
        0.0317889525,
        0.0315017435
      ],
      "memory_usage_byte": [
        42500096,
        42500096,
        42500096,
        42500096,
        42500096,
        42532864,
        42532864,
        42532864
      ],
      "exit_codes": [
        0,
        0,
        0,
        0,
        0,
        0,
        0,
        0
      ]
    },
    {
      "command": "node",
      "mean": 0.07719191100000002,
      "stddev": 0.004084388355885194,
      "median": 0.07664445250000002,
      "user": 0.072531345,
      "system": 0.0040739,
      "min": 0.0706480775,
      "max": 0.0849422445,
      "times": [
        0.07726324450000001,
        0.0749589115,
        0.0758952445,
        0.0789773275,
        0.07602566050000001,
        0.0788245775,
        0.0849422445,
        0.0706480775
      ],
      "memory_usage_byte": [
        50528256,
        50544640,
        50544640,
        50544640,
        50544640,
        50544640,
        50544640,
        50544640
      ],
      "exit_codes": [
        0,
        0,
        0,
        0,
        0,
        0,
        0,
        0
      ]
    },
    {
      "command": "bun",
      "mean": 0.039915619000000006,
      "stddev": 0.0004966190874463047,
      "median": 0.040009161,
      "user": 0.037975344999999994,
      "system": 0.0024889,
      "min": 0.0392565775,
      "max": 0.0407087025,
      "times": [
        0.040213660500000005,
        0.040240618500000006,
        0.0407087025,
        0.0400602025,
        0.0399581195,
        0.0392565775,
        0.0394333685,
        0.0394537025
      ],
      "memory_usage_byte": [
        50544640,
        50544640,
        50544640,
        50544640,
        50544640,
        50544640,
        50544640,
        50544640
      ],
      "exit_codes": [
        0,
        0,
        0,
        0,
        0,
        0,
        0,
        0
      ]
    },
    {
      "command": "deno",
      "mean": 0.06346581175,
      "stddev": 0.0011863325202319667,
      "median": 0.0632451395,
      "user": 0.05925046999999999,
      "system": 0.0052114,
      "min": 0.062219327500000005,
      "max": 0.0662166185,
      "times": [
        0.0633967025,
        0.0635487445,
        0.0631052435,
        0.0628880775,
        0.062219327500000005,
        0.0629667445,
        0.0662166185,
        0.0633850355
      ],
      "memory_usage_byte": [
        55525376,
        55525376,
        55525376,
        55525376,
        55525376,
        55525376,
        55525376,
        55525376
      ],
      "exit_codes": [
        0,
        0,
        0,
        0,
        0,
        0,
        0,
        0
      ]
    }
  ]
}
