{
  "results": [
    {
      "command": "volentscript",
      "mean": 0.10341171439500002,
      "stddev": 0.001788364428957357,
      "median": 0.10282735002000001,
      "user": 0.10173821499999999,
      "system": 0.0008909200000000001,
      "min": 0.10167743302000001,
      "max": 0.10648351602000002,
      "times": [
        0.10222235002000002,
        0.10243310002000001,
        0.10167743302000001,
        0.10175860002000002,
        0.10322160002000001,
        0.10553230802,
        0.10648351602000002,
        0.10396480802000001
      ],
      "memory_usage_byte": [
        6258688,
        6258688,
        6258688,
        6258688,
        6258688,
        6258688,
        6258688,
        6258688
      ],
      "exit_codes": [
        0,
        0,
        0,
        0,
        0,
        0,
        0,
        0
      ]
    },
    {
      "command": "c",
      "mean": 0.017201313395,
      "stddev": 0.0004256319981231058,
      "median": 0.01717470402,
      "user": 0.016442965,
      "system": 0.0002966699999999999,
      "min": 0.01655822502,
      "max": 0.01781001602,
      "times": [
        0.01781001602,
        0.01702897502,
        0.01726664202,
        0.01683910002,
        0.017235600020000002,
        0.01775814102,
        0.01711380802,
        0.01655822502
      ],
      "memory_usage_byte": [
        6258688,
        6258688,
        6258688,
        6258688,
        6258688,
        6258688,
        6258688,
        6258688
      ],
      "exit_codes": [
        0,
        0,
        0,
        0,
        0,
        0,
        0,
        0
      ]
    },
    {
      "command": "rust",
      "mean": 0.01618165227,
      "stddev": 0.0005220560549510673,
      "median": 0.016001871020000002,
      "user": 0.015504964999999999,
      "system": 0.00026116999999999997,
      "min": 0.015590434020000002,
      "max": 0.01710776602,
      "times": [
        0.016102392020000002,
        0.016286892020000002,
        0.01710776602,
        0.01678685002,
        0.01590135002,
        0.01579851702,
        0.01587901702,
        0.015590434020000002
      ],
      "memory_usage_byte": [
        6258688,
        6258688,
        6258688,
        6258688,
        6258688,
        6258688,
        6258688,
        6258688
      ],
      "exit_codes": [
        0,
        0,
        0,
        0,
        0,
        0,
        0,
        0
      ]
    },
    {
      "command": "go",
      "mean": 0.021697959645000004,
      "stddev": 0.000277873625855834,
      "median": 0.021756746020000002,
      "user": 0.020622590000000003,
      "system": 0.0007016699999999999,
      "min": 0.02125418402,
      "max": 0.022044850020000003,
      "times": [
        0.021350350020000002,
        0.021723142020000002,
        0.02179035002,
        0.02163114202,
        0.022044850020000003,
        0.02181985002,
        0.02125418402,
        0.02196980902
      ],
      "memory_usage_byte": [
        6258688,
        6258688,
        6258688,
        6258688,
        6258688,
        6258688,
        6258688,
        6258688
      ],
      "exit_codes": [
        0,
        0,
        0,
        0,
        0,
        0,
        0,
        0
      ]
    },
    {
      "command": "java",
      "mean": 0.031037813770000002,
      "stddev": 0.0006409454332385539,
      "median": 0.03072964202,
      "user": 0.026317465,
      "system": 0.007785794999999999,
      "min": 0.030452684020000002,
      "max": 0.03206714202,
      "times": [
        0.03129101602,
        0.03048310002,
        0.030452684020000002,
        0.030644559020000003,
        0.031904725020000003,
        0.03206714202,
        0.03067560002,
        0.03078368402
      ],
      "memory_usage_byte": [
        42500096,
        42500096,
        42500096,
        42500096,
        42516480,
        42516480,
        42532864,
        42532864
      ],
      "exit_codes": [
        0,
        0,
        0,
        0,
        0,
        0,
        0,
        0
      ]
    },
    {
      "command": "node",
      "mean": 0.07486717302,
      "stddev": 0.003478593682018146,
      "median": 0.07650678752000001,
      "user": 0.070983715,
      "system": 0.0034365449999999996,
      "min": 0.06864001702000001,
      "max": 0.07727001602000001,
      "times": [
        0.07584614202,
        0.07719451702,
        0.06864001702000001,
        0.07699168302,
        0.06998143402000001,
        0.07727001602000001,
        0.07660060002,
        0.07641297502000001
      ],
      "memory_usage_byte": [
        50495488,
        50495488,
        50495488,
        50495488,
        50511872,
        50511872,
        50511872,
        50511872
      ],
      "exit_codes": [
        0,
        0,
        0,
        0,
        0,
        0,
        0,
        0
      ]
    },
    {
      "command": "bun",
      "mean": 0.04007024077,
      "stddev": 0.00045260091666965815,
      "median": 0.04002601702,
      "user": 0.037608464999999994,
      "system": 0.00263942,
      "min": 0.03924289202,
      "max": 0.040640142020000006,
      "times": [
        0.039744183020000004,
        0.03997801702,
        0.039980434020000004,
        0.040522225020000004,
        0.040382433020000004,
        0.040640142020000006,
        0.03924289202,
        0.04007160002
      ],
      "memory_usage_byte": [
        50511872,
        50511872,
        50511872,
        50511872,
        50511872,
        50511872,
        50511872,
        50511872
      ],
      "exit_codes": [
        0,
        0,
        0,
        0,
        0,
        0,
        0,
        0
      ]
    },
    {
      "command": "deno",
      "mean": 0.06307735514500001,
      "stddev": 0.00043429946389244813,
      "median": 0.06305303752000001,
      "user": 0.058851589999999995,
      "system": 0.005172545,
      "min": 0.06255955802000002,
      "max": 0.06397276702000002,
      "times": [
        0.06319343402000001,
        0.06300510002000001,
        0.06262635002000001,
        0.06310097502,
        0.06296251602000001,
        0.06397276702000002,
        0.06319814102000001,
        0.06255955802000002
      ],
      "memory_usage_byte": [
        55492608,
        55492608,
        55492608,
        55492608,
        55492608,
        55492608,
        55492608,
        55492608
      ],
      "exit_codes": [
        0,
        0,
        0,
        0,
        0,
        0,
        0,
        0
      ]
    }
  ]
}
