{
  "results": [
    {
      "command": "volentscript",
      "mean": 0.10970909637000001,
      "stddev": 0.0010685691718582979,
      "median": 0.10958033062000001,
      "user": 0.10752213,
      "system": 0.0011425449999999996,
      "min": 0.10852845612,
      "max": 0.11155991412,
      "times": [
        0.10964149712000001,
        0.11064791412000001,
        0.10951916412000001,
        0.10891628912000001,
        0.10852845612,
        0.10857337212000001,
        0.11155991412,
        0.11028616412000002
      ],
      "memory_usage_byte": [
        6258688,
        6258688,
        6258688,
        6258688,
        6258688,
        6258688,
        6258688,
        6258688
      ],
      "exit_codes": [
        0,
        0,
        0,
        0,
        0,
        0,
        0,
        0
      ]
    },
    {
      "command": "c",
      "mean": 0.018143986995000003,
      "stddev": 0.0003701693479756206,
      "median": 0.018130934620000004,
      "user": 0.01727338,
      "system": 0.00037091999999999974,
      "min": 0.017637664120000004,
      "max": 0.018658247120000002,
      "times": [
        0.017748164120000003,
        0.01835249812,
        0.018562914120000003,
        0.018658247120000002,
        0.018039289120000003,
        0.017637664120000004,
        0.017930539120000002,
        0.01822258012
      ],
      "memory_usage_byte": [
        6258688,
        6258688,
        6258688,
        6258688,
        6258688,
        6258688,
        6258688,
        6258688
      ],
      "exit_codes": [
        0,
        0,
        0,
        0,
        0,
        0,
        0,
        0
      ]
    },
    {
      "command": "rust",
      "mean": 0.017170846370000003,
      "stddev": 0.0002180848405301743,
      "median": 0.01714810212,
      "user": 0.01617263,
      "system": 0.00040029499999999973,
      "min": 0.01689462212,
      "max": 0.017455122120000003,
      "times": [
        0.01703387212,
        0.017222706120000004,
        0.017073498120000002,
        0.01689462212,
        0.017447622120000002,
        0.016942122120000003,
        0.017455122120000003,
        0.017297206120000002
      ],
      "memory_usage_byte": [
        6258688,
        6258688,
        6258688,
        6258688,
        6258688,
        6258688,
        6258688,
        6258688
      ],
      "exit_codes": [
        0,
        0,
        0,
        0,
        0,
        0,
        0,
        0
      ]
    },
    {
      "command": "go",
      "mean": 0.02263059112,
      "stddev": 0.000504778647918075,
      "median": 0.022637893620000002,
      "user": 0.021265379999999997,
      "system": 0.0008102949999999997,
      "min": 0.021685664120000003,
      "max": 0.023313705120000004,
      "times": [
        0.02263662312,
        0.022732039120000002,
        0.022639164120000003,
        0.022373747120000002,
        0.023197039120000002,
        0.02246674712,
        0.023313705120000004,
        0.021685664120000003
      ],
      "memory_usage_byte": [
        6258688,
        6258688,
        6258688,
        6258688,
        6258688,
        6258688,
        6258688,
        6258688
      ],
      "exit_codes": [
        0,
        0,
        0,
        0,
        0,
        0,
        0,
        0
      ]
    },
    {
      "command": "java",
      "mean": 0.03271709112,
      "stddev": 0.0006164866050575875,
      "median": 0.03283837212,
      "user": 0.026983505,
      "system": 0.008790544999999999,
      "min": 0.03168353912,
      "max": 0.03369333112,
      "times": [
        0.03300124712,
        0.03206970612,
        0.03270737212,
        0.03296937212,
        0.03168353912,
        0.03263333012,
        0.03369333112,
        0.03297883112
      ],
      "memory_usage_byte": [
        42565632,
        42565632,
        42565632,
        42565632,
        42565632,
        42565632,
        42565632,
        42565632
      ],
      "exit_codes": [
        0,
        0,
        0,
        0,
        0,
        0,
        0,
        0
      ]
    },
    {
      "command": "node",
      "mean": 0.07650458574500002,
      "stddev": 0.0030584965831669643,
      "median": 0.07769326812000002,
      "user": 0.07173150499999999,
      "system": 0.004404545,
      "min": 0.07185949712,
      "max": 0.08016749812000001,
      "times": [
        0.08016749812000001,
        0.07790837212000001,
        0.07747816412000001,
        0.07185949712,
        0.07371887212000001,
        0.07912362212000001,
        0.07835958012000001,
        0.07342108012000001
      ],
      "memory_usage_byte": [
        50446336,
        50528256,
        50528256,
        50528256,
        50528256,
        50528256,
        50528256,
        50528256
      ],
      "exit_codes": [
        0,
        0,
        0,
        0,
        0,
        0,
        0,
        0
      ]
    },
    {
      "command": "bun",
      "mean": 0.041956622495,
      "stddev": 0.0006439666139491429,
      "median": 0.04171708062,
      "user": 0.038553254999999995,
      "system": 0.0032804199999999996,
      "min": 0.04129599812,
      "max": 0.04331278912,
      "times": [
        0.04193558112,
        0.04168049712,
        0.04129599812,
        0.04153678912,
        0.04331278912,
        0.04167645512,
        0.04175366412,
        0.04246120612
      ],
      "memory_usage_byte": [
        50528256,
        50528256,
        50528256,
        50528256,
        50528256,
        50528256,
        50528256,
        50528256
      ],
      "exit_codes": [
        0,
        0,
        0,
        0,
        0,
        0,
        0,
        0
      ]
    },
    {
      "command": "deno",
      "mean": 0.06559949199500001,
      "stddev": 0.0003990668376906447,
      "median": 0.06549647612000001,
      "user": 0.06029325499999999,
      "system": 0.006372295,
      "min": 0.06512466412000001,
      "max": 0.06612170512000001,
      "times": [
        0.06542208012,
        0.06610362312000001,
        0.06591087212,
        0.06612170512000001,
        0.06536453912000001,
        0.06557087212000001,
        0.06512466412000001,
        0.06517758012000001
      ],
      "memory_usage_byte": [
        55590912,
        55607296,
        55607296,
        55607296,
        55607296,
        55607296,
        55607296,
        55607296
      ],
      "exit_codes": [
        0,
        0,
        0,
        0,
        0,
        0,
        0,
        0
      ]
    }
  ]
}
