{
  "results": [
    {
      "command": "volentscript",
      "mean": 0.102387257165,
      "stddev": 0.001152147419456248,
      "median": 0.10207490804,
      "user": 0.10072503999999999,
      "system": 0.0010034850000000001,
      "min": 0.10140245054000001,
      "max": 0.10496528254,
      "times": [
        0.10496528254,
        0.10220744954,
        0.10159174154,
        0.10270294954,
        0.10159799154,
        0.10194236654,
        0.10268782554,
        0.10140245054000001
      ],
      "memory_usage_byte": [
        6275072,
        6275072,
        6275072,
        6275072,
        6275072,
        6275072,
        6275072,
        6275072
      ],
      "exit_codes": [
        0,
        0,
        0,
        0,
        0,
        0,
        0,
        0
      ]
    },
    {
      "command": "c",
      "mean": 0.01634922079,
      "stddev": 0.00035561039794043887,
      "median": 0.01631855404,
      "user": 0.016112790000000002,
      "system": 0.00002496500000000003,
      "min": 0.015803824540000004,
      "max": 0.016910200540000003,
      "times": [
        0.016361116539999998,
        0.016344282539999998,
        0.01629282554,
        0.015803824540000004,
        0.016255033539999998,
        0.016768657540000002,
        0.01605782554,
        0.016910200540000003
      ],
      "memory_usage_byte": [
        6275072,
        6275072,
        6275072,
        6275072,
        6275072,
        6275072,
        6275072,
        6275072
      ],
      "exit_codes": [
        0,
        0,
        0,
        0,
        0,
        0,
        0,
        0
      ]
    },
    {
      "command": "rust",
      "mean": 0.01517054879,
      "stddev": 0.0004084086147785785,
      "median": 0.015015700040000001,
      "user": 0.01485304,
      "system": 0.00002796500000000002,
      "min": 0.01469224154,
      "max": 0.01586486654,
      "times": [
        0.015375491540000003,
        0.01586486654,
        0.015619449540000002,
        0.014954616540000002,
        0.014869157540000002,
        0.015076783540000001,
        0.01469224154,
        0.014911783540000003
      ],
      "memory_usage_byte": [
        6275072,
        6275072,
        6275072,
        6275072,
        6275072,
        6275072,
        6275072,
        6275072
      ],
      "exit_codes": [
        0,
        0,
        0,
        0,
        0,
        0,
        0,
        0
      ]
    },
    {
      "command": "go",
      "mean": 0.02067650204,
      "stddev": 0.000839563257591199,
      "median": 0.020550283040000002,
      "user": 0.02011054,
      "system": 0.0002744850000000001,
      "min": 0.01997632554,
      "max": 0.022543908540000004,
      "times": [
        0.022543908540000004,
        0.020945616540000003,
        0.02010965854,
        0.020399991540000002,
        0.020700574540000002,
        0.02075232454,
        0.01997632554,
        0.01998361654
      ],
      "memory_usage_byte": [
        6275072,
        6275072,
        6275072,
        6275072,
        6275072,
        6275072,
        6275072,
        6275072
      ],
      "exit_codes": [
        0,
        0,
        0,
        0,
        0,
        0,
        0,
        0
      ]
    },
    {
      "command": "java",
      "mean": 0.030231033040000008,
      "stddev": 0.0006419344236802652,
      "median": 0.030206699540000007,
      "user": 0.02556604,
      "system": 0.007707359999999999,
      "min": 0.02936349154,
      "max": 0.031001699540000004,
      "times": [
        0.02936349154,
        0.029789824540000003,
        0.03097120054,
        0.030587657540000007,
        0.031001699540000004,
        0.030650449540000006,
        0.029825741540000006,
        0.029658199540000006
      ],
      "memory_usage_byte": [
        42598400,
        42598400,
        42598400,
        42598400,
        42598400,
        42598400,
        42598400,
        42598400
      ],
      "exit_codes": [
        0,
        0,
        0,
        0,
        0,
        0,
        0,
        0
      ]
    },
    {
      "command": "node",
      "mean": 0.072286475915,
      "stddev": 0.00391179679106319,
      "median": 0.07214665804,
      "user": 0.06860966499999999,
      "system": 0.0036019850000000007,
      "min": 0.06790403354,
      "max": 0.07662515854,
      "times": [
        0.06790403354,
        0.06970394954,
        0.06820319954,
        0.07662515854,
        0.07590349154,
        0.07635857454,
        0.07458936654,
        0.06900403354
      ],
      "memory_usage_byte": [
        50495488,
        50495488,
        50495488,
        50528256,
        50528256,
        50528256,
        50528256,
        50528256
      ],
      "exit_codes": [
        0,
        0,
        0,
        0,
        0,
        0,
        0,
        0
      ]
    },
    {
      "command": "bun",
      "mean": 0.039785168415,
      "stddev": 0.0006443061802626888,
      "median": 0.039756616540000005,
      "user": 0.037525039999999996,
      "system": 0.00253236,
      "min": 0.03903190754000001,
      "max": 0.04086911654000001,
      "times": [
        0.03986624154000001,
        0.03906794954000001,
        0.03903190754000001,
        0.04032578254000001,
        0.040140741540000004,
        0.04086911654000001,
        0.03964699154,
        0.039332616540000004
      ],
      "memory_usage_byte": [
        50528256,
        50528256,
        50528256,
        50528256,
        50528256,
        50528256,
        50528256,
        50528256
      ],
      "exit_codes": [
        0,
        0,
        0,
        0,
        0,
        0,
        0,
        0
      ]
    },
    {
      "command": "deno",
      "mean": 0.062430845665,
      "stddev": 0.001201974225984354,
      "median": 0.06189942904000001,
      "user": 0.058345789999999995,
      "system": 0.00527661,
      "min": 0.06122844954,
      "max": 0.06460903354,
      "times": [
        0.06460903354,
        0.06327549153999999,
        0.06209140854000001,
        0.06170744954000001,
        0.061618282540000006,
        0.06122844954,
        0.06148128354000001,
        0.06343536654
      ],
      "memory_usage_byte": [
        55410688,
        55410688,
        55410688,
        55410688,
        55410688,
        55410688,
        55459840,
        55459840
      ],
      "exit_codes": [
        0,
        0,
        0,
        0,
        0,
        0,
        0,
        0
      ]
    }
  ]
}
