{
  "results": [
    {
      "command": "volentscript",
      "mean": 0.11141338744500001,
      "stddev": 0.0006008879269382305,
      "median": 0.11121938732,
      "user": 0.109248705,
      "system": 0.001256555,
      "min": 0.11075124132000001,
      "max": 0.11262770032000001,
      "times": [
        0.11118690832000001,
        0.11108340832000001,
        0.11125186632,
        0.11075124132000001,
        0.11164603332,
        0.11181115832,
        0.11262770032000001,
        0.11094878332000001
      ],
      "memory_usage_byte": [
        6275072,
        6275072,
        6275072,
        6275072,
        6275072,
        6275072,
        6275072,
        6275072
      ],
      "exit_codes": [
        0,
        0,
        0,
        0,
        0,
        0,
        0,
        0
      ]
    },
    {
      "command": "c",
      "mean": 0.019164736445,
      "stddev": 0.0008677595178231669,
      "median": 0.019105449820000002,
      "user": 0.01794158,
      "system": 0.00056368,
      "min": 0.01809819932,
      "max": 0.02073307532,
      "times": [
        0.01993765832,
        0.01890278332,
        0.01837557532,
        0.01936670032,
        0.01930811632,
        0.01809819932,
        0.01859578332,
        0.02073307532
      ],
      "memory_usage_byte": [
        6275072,
        6275072,
        6275072,
        6275072,
        6275072,
        6275072,
        6275072,
        6275072
      ],
      "exit_codes": [
        0,
        0,
        0,
        0,
        0,
        0,
        0,
        0
      ]
    },
    {
      "command": "rust",
      "mean": 0.017481153195,
      "stddev": 0.00026501404372029436,
      "median": 0.01740455432,
      "user": 0.01621458,
      "system": 0.0005896800000000001,
      "min": 0.01716674132,
      "max": 0.01797449132,
      "times": [
        0.01797449132,
        0.01744845032,
        0.01716674132,
        0.01736065832,
        0.01730486732,
        0.01758503332,
        0.01771761632,
        0.01729136732
      ],
      "memory_usage_byte": [
        6275072,
        6275072,
        6275072,
        6275072,
        6275072,
        6275072,
        6275072,
        6275072
      ],
      "exit_codes": [
        0,
        0,
        0,
        0,
        0,
        0,
        0,
        0
      ]
    },
    {
      "command": "go",
      "mean": 0.022986689445,
      "stddev": 0.0005121051761781072,
      "median": 0.02281899182,
      "user": 0.02114233,
      "system": 0.0009759300000000001,
      "min": 0.02244611632,
      "max": 0.02409094932,
      "times": [
        0.02279345032,
        0.02244611632,
        0.02270403332,
        0.02330732532,
        0.02269790832,
        0.02284453332,
        0.02409094932,
        0.02300919932
      ],
      "memory_usage_byte": [
        6275072,
        6275072,
        6275072,
        6275072,
        6275072,
        6275072,
        6275072,
        6275072
      ],
      "exit_codes": [
        0,
        0,
        0,
        0,
        0,
        0,
        0,
        0
      ]
    },
    {
      "command": "java",
      "mean": 0.03307917382,
      "stddev": 0.0010315361566833926,
      "median": 0.033116658320000006,
      "user": 0.02762758,
      "system": 0.008950554999999999,
      "min": 0.03127778332,
      "max": 0.034398575320000006,
      "times": [
        0.032794033320000006,
        0.033439283320000006,
        0.03238419932,
        0.03347449232000001,
        0.03425794932,
        0.03127778332,
        0.032607074320000005,
        0.034398575320000006
      ],
      "memory_usage_byte": [
        42500096,
        42500096,
        42549248,
        42582016,
        42582016,
        42582016,
        42582016,
        42582016
      ],
      "exit_codes": [
        0,
        0,
        0,
        0,
        0,
        0,
        0,
        0
      ]
    },
    {
      "command": "node",
      "mean": 0.07785394457,
      "stddev": 0.0030439693342055275,
      "median": 0.07828272082000001,
      "user": 0.072846955,
      "system": 0.00471393,
      "min": 0.07298144932,
      "max": 0.08121811632,
      "times": [
        0.07909690832,
        0.07746853332,
        0.07626028332000001,
        0.08077499132,
        0.07298144932,
        0.07461678332,
        0.08121811632,
        0.08041449132
      ],
      "memory_usage_byte": [
        50528256,
        50528256,
        50528256,
        50528256,
        50528256,
        50528256,
        50528256,
        50528256
      ],
      "exit_codes": [
        0,
        0,
        0,
        0,
        0,
        0,
        0,
        0
      ]
    },
    {
      "command": "bun",
      "mean": 0.04193978319500001,
      "stddev": 0.0004950447609151653,
      "median": 0.04198551232,
      "user": 0.038649955,
      "system": 0.0032794300000000003,
      "min": 0.04112565832000001,
      "max": 0.042549533320000006,
      "times": [
        0.04193299132,
        0.04203803332000001,
        0.04246903332,
        0.04112565832000001,
        0.042549533320000006,
        0.042249283320000004,
        0.04145061632,
        0.041703116320000004
      ],
      "memory_usage_byte": [
        50528256,
        50528256,
        50528256,
        50528256,
        50528256,
        50528256,
        50528256,
        50528256
      ],
      "exit_codes": [
        0,
        0,
        0,
        0,
        0,
        0,
        0,
        0
      ]
    },
    {
      "command": "deno",
      "mean": 0.06712078844500001,
      "stddev": 0.00266424633337548,
      "median": 0.06608240832000001,
      "user": 0.061352580000000004,
      "system": 0.006772804999999999,
      "min": 0.06535549132,
      "max": 0.07318865832,
      "times": [
        0.07318865832,
        0.06559803332000001,
        0.06546544932000001,
        0.06605274132000001,
        0.06611207532,
        0.06861711632,
        0.06535549132,
        0.06657674232
      ],
      "memory_usage_byte": [
        55607296,
        55607296,
        55607296,
        55607296,
        55607296,
        55607296,
        55607296,
        55607296
      ],
      "exit_codes": [
        0,
        0,
        0,
        0,
        0,
        0,
        0,
        0
      ]
    }
  ]
}
