{
  "results": [
    {
      "command": "volentscript",
      "mean": 0.11259424616000002,
      "stddev": 0.0027558842658298053,
      "median": 0.11160882416000001,
      "user": 0.11200473000000001,
      "system": 0.0005943549999999994,
      "min": 0.11125486616000001,
      "max": 0.11933519916,
      "times": [
        0.11125486616000001,
        0.11129319916000001,
        0.11164849116,
        0.11131824016,
        0.11178053316,
        0.11255428316,
        0.11156915716,
        0.11933519916
      ],
      "memory_usage_byte": [
        6275072,
        6275072,
        6275072,
        6275072,
        6275072,
        6275072,
        6275072,
        6275072
      ],
      "exit_codes": [
        0,
        0,
        0,
        0,
        0,
        0,
        0,
        0
      ]
    },
    {
      "command": "c",
      "mean": 0.018804569035000003,
      "stddev": 0.0017761945778760064,
      "median": 0.01830744916,
      "user": 0.018426355000000002,
      "system": 0.0004938599999999996,
      "min": 0.01722428316,
      "max": 0.02267103316,
      "times": [
        0.02267103316,
        0.018709907160000004,
        0.01841624116,
        0.01722428316,
        0.019897199160000004,
        0.018043449160000002,
        0.01819865716,
        0.017275782160000003
      ],
      "memory_usage_byte": [
        6275072,
        6275072,
        6275072,
        6275072,
        6275072,
        6275072,
        6275072,
        6275072
      ],
      "exit_codes": [
        0,
        0,
        0,
        0,
        0,
        0,
        0,
        0
      ]
    },
    {
      "command": "rust",
      "mean": 0.016445324035,
      "stddev": 0.0007904109773674597,
      "median": 0.016437220160000002,
      "user": 0.016677855000000002,
      "system": 0.0001469299999999998,
      "min": 0.01540357416,
      "max": 0.01732615716,
      "times": [
        0.017223657160000003,
        0.016477491160000003,
        0.01556624016,
        0.01732615716,
        0.01732303216,
        0.01639694916,
        0.015845491160000003,
        0.01540357416
      ],
      "memory_usage_byte": [
        6275072,
        6275072,
        6275072,
        6275072,
        6275072,
        6275072,
        6275072,
        6275072
      ],
      "exit_codes": [
        0,
        0,
        0,
        0,
        0,
        0,
        0,
        0
      ]
    },
    {
      "command": "go",
      "mean": 0.02235508991,
      "stddev": 0.0009806004292825248,
      "median": 0.02216034516,
      "user": 0.02200898,
      "system": 0.0006366049999999994,
      "min": 0.02121278316,
      "max": 0.02377869916,
      "times": [
        0.02319028216,
        0.02377869916,
        0.02335774116,
        0.021946824160000003,
        0.02121278316,
        0.02162019916,
        0.02136032416,
        0.02237386616
      ],
      "memory_usage_byte": [
        6275072,
        6275072,
        6275072,
        6275072,
        6275072,
        6275072,
        6275072,
        6275072
      ],
      "exit_codes": [
        0,
        0,
        0,
        0,
        0,
        0,
        0,
        0
      ]
    },
    {
      "command": "java",
      "mean": 0.034653371285000005,
      "stddev": 0.0009417511947102185,
      "median": 0.03445844916,
      "user": 0.02950523,
      "system": 0.010837354999999998,
      "min": 0.03336161616,
      "max": 0.035887533160000006,
      "times": [
        0.03542553216,
        0.03454086516,
        0.03336161616,
        0.03361069916000001,
        0.03437603316000001,
        0.035887533160000006,
        0.03431028316,
        0.03571440816
      ],
      "memory_usage_byte": [
        42401792,
        42401792,
        42401792,
        42401792,
        42450944,
        42450944,
        42450944,
        42614784
      ],
      "exit_codes": [
        0,
        0,
        0,
        0,
        0,
        0,
        0,
        0
      ]
    },
    {
      "command": "node",
      "mean": 0.097246673035,
      "stddev": 0.008584111968989143,
      "median": 0.09874799066,
      "user": 0.087916605,
      "system": 0.007599479999999999,
      "min": 0.07910044916,
      "max": 0.10797165716,
      "times": [
        0.10065740716,
        0.10049119916,
        0.07910044916,
        0.09700478216,
        0.10280499116,
        0.09296753216,
        0.09697536616,
        0.10797165716
      ],
      "memory_usage_byte": [
        50642944,
        50642944,
        50642944,
        50774016,
        50872320,
        50872320,
        50872320,
        50872320
      ],
      "exit_codes": [
        0,
        0,
        0,
        0,
        0,
        0,
        0,
        0
      ]
    },
    {
      "command": "bun",
      "mean": 0.04622210016000001,
      "stddev": 0.006615810676329179,
      "median": 0.04298292816,
      "user": 0.04258135500000001,
      "system": 0.004542979999999999,
      "min": 0.04166282416000001,
      "max": 0.058660616160000005,
      "times": [
        0.058660616160000005,
        0.04291615716,
        0.04304969916,
        0.04498324016000001,
        0.054664616160000006,
        0.04208653216,
        0.041753116160000006,
        0.04166282416000001
      ],
      "memory_usage_byte": [
        50872320,
        50872320,
        50872320,
        50872320,
        50872320,
        50872320,
        50872320,
        50872320
      ],
      "exit_codes": [
        0,
        0,
        0,
        0,
        0,
        0,
        0,
        0
      ]
    },
    {
      "command": "deno",
      "mean": 0.076792667785,
      "stddev": 0.018377507402244676,
      "median": 0.07181144916,
      "user": 0.07012573,
      "system": 0.008676979999999999,
      "min": 0.06322736615999999,
      "max": 0.12013757416000001,
      "times": [
        0.12013757416000001,
        0.07712499016,
        0.07434040716,
        0.07810219916,
        0.06791311516,
        0.06421319916,
        0.06928249116,
        0.06322736615999999
      ],
      "memory_usage_byte": [
        55525376,
        55525376,
        55525376,
        55525376,
        55525376,
        55525376,
        55525376,
        55525376
      ],
      "exit_codes": [
        0,
        0,
        0,
        0,
        0,
        0,
        0,
        0
      ]
    }
  ]
}
