{
  "results": [
    {
      "command": "volentscript",
      "mean": 0.10900796611,
      "stddev": 0.0018264857520427216,
      "median": 0.10817908586000001,
      "user": 0.1063745,
      "system": 0.0014923549999999997,
      "min": 0.10723687786000001,
      "max": 0.11156266886,
      "times": [
        0.10748896086000001,
        0.10750141986000002,
        0.10723687786000001,
        0.10842404386000001,
        0.11104183586000001,
        0.11087379386000001,
        0.11156266886,
        0.10793412786
      ],
      "memory_usage_byte": [
        6291456,
        6291456,
        6291456,
        6291456,
        6291456,
        6291456,
        6291456,
        6291456
      ],
      "exit_codes": [
        0,
        0,
        0,
        0,
        0,
        0,
        0,
        0
      ]
    },
    {
      "command": "c",
      "mean": 0.01859420061,
      "stddev": 0.00035162243067965893,
      "median": 0.01853279386,
      "user": 0.017494499999999996,
      "system": 0.0005684799999999996,
      "min": 0.01820225286,
      "max": 0.01931004486,
      "times": [
        0.01821658586,
        0.01854654386,
        0.01820225286,
        0.01871475286,
        0.01931004486,
        0.01851904386,
        0.01875025286,
        0.01849412786
      ],
      "memory_usage_byte": [
        6291456,
        6291456,
        6291456,
        6291456,
        6291456,
        6291456,
        6291456,
        6291456
      ],
      "exit_codes": [
        0,
        0,
        0,
        0,
        0,
        0,
        0,
        0
      ]
    },
    {
      "command": "rust",
      "mean": 0.01703716936,
      "stddev": 0.0004666073253555161,
      "median": 0.01681541936,
      "user": 0.015940125,
      "system": 0.0005044799999999994,
      "min": 0.01655996086,
      "max": 0.01795750286,
      "times": [
        0.01669800286,
        0.01680625286,
        0.01655996086,
        0.01680925286,
        0.01682158586,
        0.01722283586,
        0.01795750286,
        0.01742196086
      ],
      "memory_usage_byte": [
        6291456,
        6291456,
        6291456,
        6291456,
        6291456,
        6291456,
        6291456,
        6291456
      ],
      "exit_codes": [
        0,
        0,
        0,
        0,
        0,
        0,
        0,
        0
      ]
    },
    {
      "command": "go",
      "mean": 0.022511945359999997,
      "stddev": 0.0002527665946096742,
      "median": 0.022536752860000002,
      "user": 0.020998,
      "system": 0.0008527299999999996,
      "min": 0.02204354386,
      "max": 0.02281508586,
      "times": [
        0.02233441986,
        0.02240362786,
        0.02263996086,
        0.02254875286,
        0.02252475286,
        0.02278541886,
        0.02204354386,
        0.02281508586
      ],
      "memory_usage_byte": [
        6291456,
        6291456,
        6291456,
        6291456,
        6291456,
        6291456,
        6291456,
        6291456
      ],
      "exit_codes": [
        0,
        0,
        0,
        0,
        0,
        0,
        0,
        0
      ]
    },
    {
      "command": "java",
      "mean": 0.033876377735000004,
      "stddev": 0.002089473296295671,
      "median": 0.032972315360000004,
      "user": 0.027851249999999998,
      "system": 0.009445480000000001,
      "min": 0.03191341986,
      "max": 0.03807158586,
      "times": [
        0.03191341986,
        0.03296075286,
        0.032983877860000003,
        0.03225241986,
        0.03280829386,
        0.03807158586,
        0.03575987786,
        0.03426079386
      ],
      "memory_usage_byte": [
        42565632,
        42565632,
        42565632,
        42565632,
        42565632,
        42565632,
        42565632,
        42565632
      ],
      "exit_codes": [
        0,
        0,
        0,
        0,
        0,
        0,
        0,
        0
      ]
    },
    {
      "command": "node",
      "mean": 0.07537043998500001,
      "stddev": 0.003780645623903652,
      "median": 0.07575835636000001,
      "user": 0.070801875,
      "system": 0.0039714799999999995,
      "min": 0.07071391986000002,
      "max": 0.08071625286,
      "times": [
        0.08071625286,
        0.07278921086000001,
        0.07893971086000001,
        0.07419391886000001,
        0.07732279386000002,
        0.07081333586,
        0.07071391986000002,
        0.07747437686000001
      ],
      "memory_usage_byte": [
        50511872,
        50511872,
        50561024,
        50561024,
        50561024,
        50561024,
        50561024,
        50561024
      ],
      "exit_codes": [
        0,
        0,
        0,
        0,
        0,
        0,
        0,
        0
      ]
    },
    {
      "command": "bun",
      "mean": 0.04167245061,
      "stddev": 0.0005654197440798799,
      "median": 0.04145400286,
      "user": 0.03839912499999999,
      "system": 0.0031833549999999993,
      "min": 0.041162044860000004,
      "max": 0.04280075186,
      "times": [
        0.04204241986,
        0.041162044860000004,
        0.04118454386,
        0.04197829486,
        0.04130354386,
        0.04150046086,
        0.04280075186,
        0.04140754486
      ],
      "memory_usage_byte": [
        50561024,
        50561024,
        50561024,
        50561024,
        50561024,
        50561024,
        50561024,
        50561024
      ],
      "exit_codes": [
        0,
        0,
        0,
        0,
        0,
        0,
        0,
        0
      ]
    },
    {
      "command": "deno",
      "mean": 0.06446935673500001,
      "stddev": 0.000350223231416129,
      "median": 0.06447883536000001,
      "user": 0.059429249999999996,
      "system": 0.00596098,
      "min": 0.06405225286,
      "max": 0.06483058586000001,
      "times": [
        0.06409737786000001,
        0.06473516886000001,
        0.06477208586000001,
        0.06421675286,
        0.06482812786000001,
        0.06483058586000001,
        0.06405225286,
        0.06422250186
      ],
      "memory_usage_byte": [
        55574528,
        55574528,
        55574528,
        55574528,
        55574528,
        55574528,
        55574528,
        55574528
      ],
      "exit_codes": [
        0,
        0,
        0,
        0,
        0,
        0,
        0,
        0
      ]
    }
  ]
}
