{
  "results": [
    {
      "command": "volentscript",
      "mean": 0.10951698510000002,
      "stddev": 0.0006475689180575957,
      "median": 0.10967769860000001,
      "user": 0.10748866,
      "system": 0.001280205,
      "min": 0.1085799066,
      "max": 0.1103499906,
      "times": [
        0.10866349060000001,
        0.1085799066,
        0.1103499906,
        0.1098263236,
        0.10961015660000001,
        0.1097452406,
        0.1101414066,
        0.1092193656
      ],
      "memory_usage_byte": [
        6258688,
        6258688,
        6258688,
        6258688,
        6258688,
        6258688,
        6258688,
        6258688
      ],
      "exit_codes": [
        0,
        0,
        0,
        0,
        0,
        0,
        0,
        0
      ]
    },
    {
      "command": "c",
      "mean": 0.017926901475,
      "stddev": 0.0003395546022901331,
      "median": 0.0179384271,
      "user": 0.017119785000000002,
      "system": 0.00030820499999999966,
      "min": 0.0175034906,
      "max": 0.0183915316,
      "times": [
        0.0180057816,
        0.0183915316,
        0.0178710726,
        0.0182713236,
        0.0181805736,
        0.0176067816,
        0.0175846566,
        0.0175034906
      ],
      "memory_usage_byte": [
        6258688,
        6258688,
        6258688,
        6258688,
        6258688,
        6258688,
        6258688,
        6258688
      ],
      "exit_codes": [
        0,
        0,
        0,
        0,
        0,
        0,
        0,
        0
      ]
    },
    {
      "command": "rust",
      "mean": 0.0171623701,
      "stddev": 0.0007424918593985672,
      "median": 0.0168419691,
      "user": 0.016070284999999997,
      "system": 0.00045745499999999973,
      "min": 0.016304781600000002,
      "max": 0.0182729066,
      "times": [
        0.0180029066,
        0.0177758226,
        0.016507448600000002,
        0.016304781600000002,
        0.0182729066,
        0.0167964066,
        0.016887531600000002,
        0.0167511566
      ],
      "memory_usage_byte": [
        6258688,
        6258688,
        6258688,
        6258688,
        6258688,
        6258688,
        6258688,
        6258688
      ],
      "exit_codes": [
        0,
        0,
        0,
        0,
        0,
        0,
        0,
        0
      ]
    },
    {
      "command": "go",
      "mean": 0.022253073475000003,
      "stddev": 0.0006325612750105575,
      "median": 0.0220873026,
      "user": 0.020936659999999996,
      "system": 0.0008069549999999997,
      "min": 0.0215346566,
      "max": 0.0231576156,
      "times": [
        0.0218219906,
        0.023084698600000002,
        0.0231576156,
        0.0226214896,
        0.0220176986,
        0.0221569066,
        0.0216295316,
        0.0215346566
      ],
      "memory_usage_byte": [
        6258688,
        6258688,
        6258688,
        6258688,
        6258688,
        6258688,
        6258688,
        6258688
      ],
      "exit_codes": [
        0,
        0,
        0,
        0,
        0,
        0,
        0,
        0
      ]
    },
    {
      "command": "java",
      "mean": 0.03154615135,
      "stddev": 0.00048752858899724457,
      "median": 0.0317148651,
      "user": 0.026605034999999996,
      "system": 0.008263455,
      "min": 0.0308698646,
      "max": 0.0321918646,
      "times": [
        0.03196182360000001,
        0.031705698600000005,
        0.03128757360000001,
        0.0308753646,
        0.0308698646,
        0.03172403160000001,
        0.0317529896,
        0.0321918646
      ],
      "memory_usage_byte": [
        42500096,
        42532864,
        42532864,
        42532864,
        42532864,
        42582016,
        42582016,
        42582016
      ],
      "exit_codes": [
        0,
        0,
        0,
        0,
        0,
        0,
        0,
        0
      ]
    },
    {
      "command": "node",
      "mean": 0.076174484725,
      "stddev": 0.002463023413928179,
      "median": 0.0773467396,
      "user": 0.07196066,
      "system": 0.0040017049999999995,
      "min": 0.0723251566,
      "max": 0.0783229066,
      "times": [
        0.0723385316,
        0.0761294486,
        0.0723251566,
        0.0777506146,
        0.07694286460000001,
        0.0783229066,
        0.0778138646,
        0.07777249060000001
      ],
      "memory_usage_byte": [
        50528256,
        50528256,
        50528256,
        50528256,
        50528256,
        50528256,
        50528256,
        50528256
      ],
      "exit_codes": [
        0,
        0,
        0,
        0,
        0,
        0,
        0,
        0
      ]
    },
    {
      "command": "bun",
      "mean": 0.041212771100000004,
      "stddev": 0.0004631399269782612,
      "median": 0.04114196910000001,
      "user": 0.03835391,
      "system": 0.0030054549999999998,
      "min": 0.04084544860000001,
      "max": 0.04225544860000001,
      "times": [
        0.04084544860000001,
        0.041315239600000005,
        0.04086357260000001,
        0.040850489600000005,
        0.041144281600000006,
        0.041288031600000004,
        0.041139656600000005,
        0.04225544860000001
      ],
      "memory_usage_byte": [
        50528256,
        50528256,
        50528256,
        50528256,
        50528256,
        50528256,
        50528256,
        50528256
      ],
      "exit_codes": [
        0,
        0,
        0,
        0,
        0,
        0,
        0,
        0
      ]
    },
    {
      "command": "deno",
      "mean": 0.06637596385,
      "stddev": 0.0015742227463839127,
      "median": 0.0661397816,
      "user": 0.060058535,
      "system": 0.006393829999999999,
      "min": 0.0638481566,
      "max": 0.0692904896,
      "times": [
        0.0638481566,
        0.0673999066,
        0.0656441146,
        0.0656954906,
        0.0692904896,
        0.0659402816,
        0.0668499896,
        0.0663392816
      ],
      "memory_usage_byte": [
        55459840,
        55459840,
        55623680,
        55623680,
        55623680,
        55623680,
        55623680,
        55623680
      ],
      "exit_codes": [
        0,
        0,
        0,
        0,
        0,
        0,
        0,
        0
      ]
    }
  ]
}
