{
  "results": [
    {
      "command": "volentscript",
      "mean": 0.12950296182,
      "stddev": 0.00241189810334739,
      "median": 0.12888687802,
      "user": 0.12681948,
      "system": 0.0015524599999999999,
      "min": 0.12783917002,
      "max": 0.13367487902000003,
      "times": [
        0.12783917002,
        0.13367487902000003,
        0.12923754502,
        0.12787633702,
        0.12888687802
      ],
      "memory_usage_byte": [
        6291456,
        6291456,
        6291456,
        6291456,
        6291456
      ],
      "exit_codes": [
        0,
        0,
        0,
        0,
        0
      ]
    },
    {
      "command": "c",
      "mean": 0.06334282002,
      "stddev": 0.0015866223564016458,
      "median": 0.06305862802000001,
      "user": 0.06105988,
      "system": 0.0014474599999999998,
      "min": 0.061827545020000006,
      "max": 0.06597575302000001,
      "times": [
        0.06247167002,
        0.06305862802000001,
        0.06597575302000001,
        0.06338050402,
        0.061827545020000006
      ],
      "memory_usage_byte": [
        6291456,
        6291456,
        6291456,
        6291456,
        6291456
      ],
      "exit_codes": [
        0,
        0,
        0,
        0,
        0
      ]
    },
    {
      "command": "rust",
      "mean": 0.07998222842000002,
      "stddev": 0.0016717582076581214,
      "median": 0.07927850302000002,
      "user": 0.07764468,
      "system": 0.00134506,
      "min": 0.07907696202000002,
      "max": 0.08296817002000001,
      "times": [
        0.08296817002000001,
        0.07927850302000002,
        0.07907696202000002,
        0.07927758702000001,
        0.07930992002000001
      ],
      "memory_usage_byte": [
        6291456,
        6291456,
        6291456,
        6291456,
        6291456
      ],
      "exit_codes": [
        0,
        0,
        0,
        0,
        0
      ]
    },
    {
      "command": "go",
      "mean": 0.07254869522000001,
      "stddev": 0.0005891991464952253,
      "median": 0.07245533702000001,
      "user": 0.07033448,
      "system": 0.0013416600000000002,
      "min": 0.07197200402000001,
      "max": 0.07352942002000001,
      "times": [
        0.07197200402000001,
        0.07245533702000001,
        0.07225687802000001,
        0.07252983702000002,
        0.07352942002000001
      ],
      "memory_usage_byte": [
        6291456,
        6291456,
        6291456,
        6291456,
        6291456
      ],
      "exit_codes": [
        0,
        0,
        0,
        0,
        0
      ]
    },
    {
      "command": "java",
      "mean": 0.10336566982000002,
      "stddev": 0.005025801196604552,
      "median": 0.10194117002000001,
      "user": 0.09826668,
      "system": 0.01137126,
      "min": 0.09863950302,
      "max": 0.11175100302000002,
      "times": [
        0.10363725302000001,
        0.10085942002,
        0.10194117002000001,
        0.11175100302000002,
        0.09863950302
      ],
      "memory_usage_byte": [
        42958848,
        42958848,
        42975232,
        42975232,
        42975232
      ],
      "exit_codes": [
        0,
        0,
        0,
        0,
        0
      ]
    },
    {
      "command": "node",
      "mean": 0.09988027002000002,
      "stddev": 0.0009868464902503813,
      "median": 0.09980504502000001,
      "user": 0.09497367999999999,
      "system": 0.00493566,
      "min": 0.09893454502000001,
      "max": 0.10145067002000001,
      "times": [
        0.10145067002000001,
        0.09917062802000001,
        0.09893454502000001,
        0.10004046202000001,
        0.09980504502000001
      ],
      "memory_usage_byte": [
        53608448,
        53608448,
        53608448,
        53608448,
        53608448
      ],
      "exit_codes": [
        0,
        0,
        0,
        0,
        0
      ]
    },
    {
      "command": "bun",
      "mean": 0.11644234502000002,
      "stddev": 0.0009726256720606826,
      "median": 0.11631808702000002,
      "user": 0.11317188,
      "system": 0.00463886,
      "min": 0.11535092002000001,
      "max": 0.11756971202000001,
      "times": [
        0.11567950302000002,
        0.11631808702000002,
        0.11729350302000001,
        0.11756971202000001,
        0.11535092002000001
      ],
      "memory_usage_byte": [
        53608448,
        53608448,
        53608448,
        53608448,
        53608448
      ],
      "exit_codes": [
        0,
        0,
        0,
        0,
        0
      ]
    },
    {
      "command": "deno",
      "mean": 0.09485395342000001,
      "stddev": 0.0005149429175028046,
      "median": 0.09453262802000001,
      "user": 0.09004848,
      "system": 0.006601459999999999,
      "min": 0.09452050402,
      "max": 0.09569933702000001,
      "times": [
        0.09499675302,
        0.09569933702000001,
        0.09453262802000001,
        0.09452050402,
        0.09452054502000001
      ],
      "memory_usage_byte": [
        58572800,
        58572800,
        58572800,
        58572800,
        58572800
      ],
      "exit_codes": [
        0,
        0,
        0,
        0,
        0
      ]
    }
  ]
}
