{
  "results": [
    {
      "command": "volentscript",
      "mean": 0.078490091115,
      "stddev": 0.004517903470819293,
      "median": 0.07749678924,
      "user": 0.07503608999999999,
      "system": 0.0019432149999999999,
      "min": 0.07381276824,
      "max": 0.08556281024000001,
      "times": [
        0.08306235124000001,
        0.08556281024000001,
        0.08197764324000001,
        0.07767293524,
        0.07381276824,
        0.07434768424,
        0.07416389324,
        0.07732064324
      ],
      "memory_usage_byte": [
        6258688,
        6291456,
        6291456,
        6291456,
        6291456,
        6291456,
        6291456,
        6291456
      ],
      "exit_codes": [
        0,
        0,
        0,
        0,
        0,
        0,
        0,
        0
      ]
    },
    {
      "command": "c",
      "mean": 0.060519705865,
      "stddev": 0.006960702592176472,
      "median": 0.05813343474,
      "user": 0.058695715,
      "system": 0.0005081099999999999,
      "min": 0.057118268240000006,
      "max": 0.07766835224,
      "times": [
        0.05885014324,
        0.057118268240000006,
        0.05794526824000001,
        0.05728460224,
        0.05902414324000001,
        0.05819451824000001,
        0.05807235124000001,
        0.07766835224
      ],
      "memory_usage_byte": [
        6291456,
        6291456,
        6291456,
        6291456,
        6291456,
        6291456,
        6291456,
        6291456
      ],
      "exit_codes": [
        0,
        0,
        0,
        0,
        0,
        0,
        0,
        0
      ]
    },
    {
      "command": "rust",
      "mean": 0.07587810161500001,
      "stddev": 0.003755279132739629,
      "median": 0.07485820574000002,
      "user": 0.07384984,
      "system": 0.0010183399999999997,
      "min": 0.07226989324000001,
      "max": 0.08369426824000001,
      "times": [
        0.07506701824,
        0.07476926824,
        0.08369426824000001,
        0.07918089324000001,
        0.07494714324000001,
        0.07375251824000001,
        0.07226989324000001,
        0.07334381024
      ],
      "memory_usage_byte": [
        6291456,
        6291456,
        6291456,
        6291456,
        6291456,
        6291456,
        6291456,
        6291456
      ],
      "exit_codes": [
        0,
        0,
        0,
        0,
        0,
        0,
        0,
        0
      ]
    },
    {
      "command": "go",
      "mean": 0.07008432024000001,
      "stddev": 0.002751584920276521,
      "median": 0.06911181024000002,
      "user": 0.06809659000000001,
      "system": 0.00134659,
      "min": 0.06738326824,
      "max": 0.07453810124,
      "times": [
        0.07428560124000001,
        0.07453810124,
        0.06911531024,
        0.06908460124,
        0.06921097624000001,
        0.06910831024000001,
        0.06738326824,
        0.06794839324
      ],
      "memory_usage_byte": [
        6291456,
        6291456,
        6291456,
        6291456,
        6291456,
        6291456,
        6291456,
        6291456
      ],
      "exit_codes": [
        0,
        0,
        0,
        0,
        0,
        0,
        0,
        0
      ]
    },
    {
      "command": "java",
      "mean": 0.09350775249000001,
      "stddev": 0.001278002668747574,
      "median": 0.09375628924000001,
      "user": 0.09049009,
      "system": 0.008289715,
      "min": 0.09112018424000001,
      "max": 0.09509555924,
      "times": [
        0.09459243424000001,
        0.09112018424000001,
        0.09406322724,
        0.09227643524000001,
        0.09395043524,
        0.09340160124,
        0.09356214324,
        0.09509555924
      ],
      "memory_usage_byte": [
        42958848,
        42958848,
        42958848,
        42958848,
        42958848,
        42958848,
        42958848,
        42958848
      ],
      "exit_codes": [
        0,
        0,
        0,
        0,
        0,
        0,
        0,
        0
      ]
    },
    {
      "command": "node",
      "mean": 0.09566948174,
      "stddev": 0.0008147829501191419,
      "median": 0.09578120574000001,
      "user": 0.09207446500000001,
      "system": 0.0042697149999999994,
      "min": 0.09451510124000001,
      "max": 0.09654989324,
      "times": [
        0.09507051824000001,
        0.09644389324000001,
        0.09630822624,
        0.09654989324,
        0.09451510124000001,
        0.09490251824000001,
        0.09525418524000001,
        0.09631151824
      ],
      "memory_usage_byte": [
        53444608,
        53444608,
        53559296,
        53608448,
        53624832,
        53624832,
        53624832,
        53624832
      ],
      "exit_codes": [
        0,
        0,
        0,
        0,
        0,
        0,
        0,
        0
      ]
    },
    {
      "command": "bun",
      "mean": 0.10849578899000001,
      "stddev": 0.000881033723921389,
      "median": 0.10865522624000001,
      "user": 0.107493715,
      "system": 0.0031647150000000002,
      "min": 0.10659410224,
      "max": 0.10941522724000001,
      "times": [
        0.10874630924,
        0.10882522624,
        0.10840276824,
        0.10856414324000001,
        0.10659410224,
        0.10941522724000001,
        0.10929918424000001,
        0.10811935124000001
      ],
      "memory_usage_byte": [
        53624832,
        53624832,
        53624832,
        53624832,
        53624832,
        53624832,
        53624832,
        53624832
      ],
      "exit_codes": [
        0,
        0,
        0,
        0,
        0,
        0,
        0,
        0
      ]
    },
    {
      "command": "deno",
      "mean": 0.09253809674,
      "stddev": 0.002971798909559089,
      "median": 0.09106197724000001,
      "user": 0.08791196500000001,
      "system": 0.00635959,
      "min": 0.08999385224,
      "max": 0.09795722624000001,
      "times": [
        0.09081835224000001,
        0.09795722624000001,
        0.09048697724,
        0.08999385224,
        0.09061539324000001,
        0.09130560224,
        0.09292135224,
        0.09620601824000001
      ],
      "memory_usage_byte": [
        58523648,
        58523648,
        58523648,
        58523648,
        58523648,
        58523648,
        58523648,
        58523648
      ],
      "exit_codes": [
        0,
        0,
        0,
        0,
        0,
        0,
        0,
        0
      ]
    }
  ]
}
