{
  "results": [
    {
      "command": "volentscript",
      "mean": 0.069939617205,
      "stddev": 0.0008380791932967817,
      "median": 0.06957137258,
      "user": 0.06902447999999999,
      "system": 0.0005111050000000002,
      "min": 0.06917649708,
      "max": 0.07169591408,
      "times": [
        0.06947578908,
        0.06917649708,
        0.06960962308,
        0.07169591408,
        0.07061653908,
        0.07001445608,
        0.06953312208,
        0.06939499708
      ],
      "memory_usage_byte": [
        6258688,
        6258688,
        6258688,
        6258688,
        6258688,
        6258688,
        6258688,
        6258688
      ],
      "exit_codes": [
        0,
        0,
        0,
        0,
        0,
        0,
        0,
        0
      ]
    },
    {
      "command": "c",
      "mean": 0.05522704958,
      "stddev": 0.0006214721044586679,
      "median": 0.055174206079999996,
      "user": 0.05460610499999999,
      "system": 0.0002165450000000001,
      "min": 0.05446570508,
      "max": 0.05605299808,
      "times": [
        0.05463624808,
        0.05605299808,
        0.05557274708,
        0.05446570508,
        0.05469199708,
        0.05523295608,
        0.05511545608,
        0.05604828908
      ],
      "memory_usage_byte": [
        6258688,
        6258688,
        6258688,
        6258688,
        6258688,
        6258688,
        6258688,
        6258688
      ],
      "exit_codes": [
        0,
        0,
        0,
        0,
        0,
        0,
        0,
        0
      ]
    },
    {
      "command": "rust",
      "mean": 0.070717023705,
      "stddev": 0.00017660302766045718,
      "median": 0.07070533058,
      "user": 0.07010360499999999,
      "system": 0.0001479800000000002,
      "min": 0.07045895608,
      "max": 0.07094612308,
      "times": [
        0.07093528908,
        0.07073878908,
        0.07094612308,
        0.07056937308,
        0.07067187208,
        0.07059145608,
        0.07045895608,
        0.07082433108
      ],
      "memory_usage_byte": [
        6258688,
        6258688,
        6258688,
        6258688,
        6258688,
        6258688,
        6258688,
        6258688
      ],
      "exit_codes": [
        0,
        0,
        0,
        0,
        0,
        0,
        0,
        0
      ]
    },
    {
      "command": "go",
      "mean": 0.06419413270499999,
      "stddev": 0.00032244617903012113,
      "median": 0.06412839308,
      "user": 0.06349297999999999,
      "system": 0.0003936050000000001,
      "min": 0.06383208008,
      "max": 0.06472678908,
      "times": [
        0.06463308108,
        0.06413949708,
        0.06472678908,
        0.06411728908,
        0.06402324708,
        0.06417291408,
        0.06383208008,
        0.06390816408
      ],
      "memory_usage_byte": [
        6258688,
        6258688,
        6258688,
        6258688,
        6258688,
        6258688,
        6258688,
        6258688
      ],
      "exit_codes": [
        0,
        0,
        0,
        0,
        0,
        0,
        0,
        0
      ]
    },
    {
      "command": "java",
      "mean": 0.08850342970500001,
      "stddev": 0.0013522222902257644,
      "median": 0.08836949758000001,
      "user": 0.08612522999999997,
      "system": 0.007859854999999999,
      "min": 0.08659162208,
      "max": 0.09100008108,
      "times": [
        0.08827008108,
        0.08846891408,
        0.08717178908,
        0.08893933008,
        0.08659162208,
        0.08819078908,
        0.09100008108,
        0.08939483108
      ],
      "memory_usage_byte": [
        42975232,
        42975232,
        42975232,
        42975232,
        42975232,
        42975232,
        42975232,
        42975232
      ],
      "exit_codes": [
        0,
        0,
        0,
        0,
        0,
        0,
        0,
        0
      ]
    },
    {
      "command": "node",
      "mean": 0.08998309120500002,
      "stddev": 0.000949595526864455,
      "median": 0.09000666408,
      "user": 0.08692860499999999,
      "system": 0.00421798,
      "min": 0.08827816408,
      "max": 0.09161453908,
      "times": [
        0.08827816408,
        0.09026599708000001,
        0.08959449708,
        0.09047491408,
        0.08974733108,
        0.09161453908,
        0.09027041408,
        0.08961887308000001
      ],
      "memory_usage_byte": [
        53411840,
        53411840,
        53411840,
        53477376,
        53477376,
        53477376,
        53477376,
        53477376
      ],
      "exit_codes": [
        0,
        0,
        0,
        0,
        0,
        0,
        0,
        0
      ]
    },
    {
      "command": "bun",
      "mean": 0.10364098158,
      "stddev": 0.0009809772411833587,
      "median": 0.10321262208000001,
      "user": 0.103146355,
      "system": 0.0028327300000000003,
      "min": 0.10297753908,
      "max": 0.10587874708,
      "times": [
        0.10587874708,
        0.10311316408,
        0.10375762308,
        0.10331208008000001,
        0.10301170508,
        0.10402383008,
        0.10297753908,
        0.10305316408000001
      ],
      "memory_usage_byte": [
        53477376,
        53477376,
        53477376,
        53477376,
        53477376,
        53477376,
        53477376,
        53477376
      ],
      "exit_codes": [
        0,
        0,
        0,
        0,
        0,
        0,
        0,
        0
      ]
    },
    {
      "command": "deno",
      "mean": 0.08576018508000001,
      "stddev": 0.0010669984417284104,
      "median": 0.08539137258,
      "user": 0.08203547999999998,
      "system": 0.00569248,
      "min": 0.08483983108,
      "max": 0.08807312208,
      "times": [
        0.08649678908,
        0.08807312208,
        0.08520570608,
        0.08556783108,
        0.08483983108,
        0.08499670608,
        0.08568658108,
        0.08521491408
      ],
      "memory_usage_byte": [
        58376192,
        58458112,
        58458112,
        58458112,
        58458112,
        58507264,
        58507264,
        58507264
      ],
      "exit_codes": [
        0,
        0,
        0,
        0,
        0,
        0,
        0,
        0
      ]
    }
  ]
}
