{
  "results": [
    {
      "command": "volentscript",
      "mean": 0.09560213905500001,
      "stddev": 0.017801523984707968,
      "median": 0.09169070168,
      "user": 0.08734003,
      "system": 0.002738209999999999,
      "min": 0.07858095168,
      "max": 0.13041049268,
      "times": [
        0.09894124268,
        0.08005403468,
        0.07858095168,
        0.08205907668,
        0.09107532668,
        0.13041049268,
        0.11138991068,
        0.09230607668
      ],
      "memory_usage_byte": [
        6324224,
        6324224,
        6324224,
        6324224,
        6324224,
        6324224,
        6324224,
        6340608
      ],
      "exit_codes": [
        0,
        0,
        0,
        0,
        0,
        0,
        0,
        0
      ]
    },
    {
      "command": "c",
      "mean": 0.06513188930500001,
      "stddev": 0.004076017701881784,
      "median": 0.06327068118,
      "user": 0.06320528,
      "system": 0.0010669599999999996,
      "min": 0.06237470168000001,
      "max": 0.07225820168,
      "times": [
        0.07103661868,
        0.07225820168,
        0.06363011868,
        0.06396486868,
        0.06291124367999999,
        0.06245849268000001,
        0.06242086868000001,
        0.06237470168000001
      ],
      "memory_usage_byte": [
        6340608,
        6340608,
        6340608,
        6340608,
        6340608,
        6340608,
        6340608,
        6340608
      ],
      "exit_codes": [
        0,
        0,
        0,
        0,
        0,
        0,
        0,
        0
      ]
    },
    {
      "command": "rust",
      "mean": 0.079872925555,
      "stddev": 0.00021205939727379693,
      "median": 0.07993874368000001,
      "user": 0.07817228,
      "system": 0.0009617099999999996,
      "min": 0.07956903468,
      "max": 0.08017461868,
      "times": [
        0.07958332668,
        0.07994324368,
        0.08017461868,
        0.07993424368,
        0.07956903468,
        0.08003324268,
        0.07995390968,
        0.07979178468
      ],
      "memory_usage_byte": [
        6340608,
        6340608,
        6340608,
        6340608,
        6340608,
        6340608,
        6340608,
        6340608
      ],
      "exit_codes": [
        0,
        0,
        0,
        0,
        0,
        0,
        0,
        0
      ]
    },
    {
      "command": "go",
      "mean": 0.072996993555,
      "stddev": 0.00036840898191603326,
      "median": 0.07289484768,
      "user": 0.070952155,
      "system": 0.0012923349999999995,
      "min": 0.07260916068,
      "max": 0.07372432668,
      "times": [
        0.07372432668,
        0.07260916068,
        0.07285274368,
        0.07273632668,
        0.07293849368,
        0.07293695168,
        0.07280795168,
        0.07336999368
      ],
      "memory_usage_byte": [
        6340608,
        6340608,
        6340608,
        6340608,
        6340608,
        6340608,
        6340608,
        6340608
      ],
      "exit_codes": [
        0,
        0,
        0,
        0,
        0,
        0,
        0,
        0
      ]
    },
    {
      "command": "java",
      "mean": 0.10702756618,
      "stddev": 0.002717516521086487,
      "median": 0.10592126418,
      "user": 0.100101405,
      "system": 0.013535334999999999,
      "min": 0.10387095168,
      "max": 0.11191845168,
      "times": [
        0.11191845168,
        0.10564845168,
        0.10972007668,
        0.10506528468,
        0.10619407668,
        0.10833003468,
        0.10387095168,
        0.10547320168
      ],
      "memory_usage_byte": [
        43008000,
        43008000,
        43008000,
        43008000,
        43008000,
        43008000,
        43008000,
        43024384
      ],
      "exit_codes": [
        0,
        0,
        0,
        0,
        0,
        0,
        0,
        0
      ]
    },
    {
      "command": "node",
      "mean": 0.10306765493,
      "stddev": 0.0013547058177417544,
      "median": 0.10276901418,
      "user": 0.09826878,
      "system": 0.005669334999999999,
      "min": 0.10150432668,
      "max": 0.10560732668,
      "times": [
        0.10150432668,
        0.10560732668,
        0.10187870168,
        0.10242136868,
        0.10313328568,
        0.10445820168,
        0.10281936868,
        0.10271865968
      ],
      "memory_usage_byte": [
        53526528,
        53526528,
        53526528,
        53526528,
        53526528,
        53608448,
        53608448,
        53608448
      ],
      "exit_codes": [
        0,
        0,
        0,
        0,
        0,
        0,
        0,
        0
      ]
    },
    {
      "command": "bun",
      "mean": 0.13604960793,
      "stddev": 0.01788531219415507,
      "median": 0.13011301418000001,
      "user": 0.12206402999999999,
      "system": 0.008597084999999997,
      "min": 0.11884790968,
      "max": 0.16385345168,
      "times": [
        0.11939061868,
        0.12077557668,
        0.11884790968,
        0.12778757668000001,
        0.16385345168,
        0.15631661868000002,
        0.14898665968,
        0.13243845168
      ],
      "memory_usage_byte": [
        53608448,
        53608448,
        53608448,
        53608448,
        53608448,
        53608448,
        53608448,
        53608448
      ],
      "exit_codes": [
        0,
        0,
        0,
        0,
        0,
        0,
        0,
        0
      ]
    },
    {
      "command": "deno",
      "mean": 0.09212314443,
      "stddev": 0.0005377187447825293,
      "median": 0.09224734768000001,
      "user": 0.087543655,
      "system": 0.00638296,
      "min": 0.09119795168,
      "max": 0.09275849368,
      "times": [
        0.09275849368,
        0.09263161768,
        0.09220232668,
        0.09184203568,
        0.09229236868,
        0.09246295168,
        0.09159740968,
        0.09119795168
      ],
      "memory_usage_byte": [
        58523648,
        58523648,
        58523648,
        58523648,
        58523648,
        58523648,
        58523648,
        58523648
      ],
      "exit_codes": [
        0,
        0,
        0,
        0,
        0,
        0,
        0,
        0
      ]
    }
  ]
}
