{
  "results": [
    {
      "command": "volentscript",
      "mean": 0.078938649725,
      "stddev": 0.0004888468700760236,
      "median": 0.07878363960000001,
      "user": 0.077126545,
      "system": 0.0009864399999999999,
      "min": 0.07814722210000001,
      "max": 0.07963797310000001,
      "times": [
        0.07963797310000001,
        0.0788454311,
        0.07871034710000001,
        0.07868901410000001,
        0.07814722210000001,
        0.0787218481,
        0.07937884810000001,
        0.0793785141
      ],
      "memory_usage_byte": [
        6291456,
        6291456,
        6291456,
        6291456,
        6291456,
        6291456,
        6291456,
        6291456
      ],
      "exit_codes": [
        0,
        0,
        0,
        0,
        0,
        0,
        0,
        0
      ]
    },
    {
      "command": "c",
      "mean": 0.10596297735000001,
      "stddev": 0.02542140798257332,
      "median": 0.10366557610000002,
      "user": 0.08835541999999999,
      "system": 0.0030129399999999995,
      "min": 0.0627737221,
      "max": 0.1436283471,
      "times": [
        0.0627737221,
        0.11640097210000001,
        0.09422334710000001,
        0.10440597210000001,
        0.09027093110000001,
        0.10292518010000001,
        0.1330753471,
        0.1436283471
      ],
      "memory_usage_byte": [
        6291456,
        6291456,
        6291456,
        6291456,
        6291456,
        6291456,
        6291456,
        6291456
      ],
      "exit_codes": [
        0,
        0,
        0,
        0,
        0,
        0,
        0,
        0
      ]
    },
    {
      "command": "rust",
      "mean": 0.126055649725,
      "stddev": 0.01754248714449193,
      "median": 0.1251234726,
      "user": 0.109158795,
      "system": 0.0035398149999999995,
      "min": 0.0943283891,
      "max": 0.1500194311,
      "times": [
        0.11930255610000001,
        0.1454058061,
        0.1500194311,
        0.12458147210000002,
        0.0943283891,
        0.1160117221,
        0.1256654731,
        0.1331303481
      ],
      "memory_usage_byte": [
        6291456,
        6291456,
        6291456,
        6291456,
        6291456,
        6291456,
        6291456,
        6291456
      ],
      "exit_codes": [
        0,
        0,
        0,
        0,
        0,
        0,
        0,
        0
      ]
    },
    {
      "command": "go",
      "mean": 0.16156623285,
      "stddev": 0.020750538007367553,
      "median": 0.16368690959999999,
      "user": 0.11290629499999999,
      "system": 0.008633440000000001,
      "min": 0.12004330610000001,
      "max": 0.1925556801,
      "times": [
        0.12004330610000001,
        0.1925556801,
        0.1724431391,
        0.1649133051,
        0.1554142231,
        0.1533997231,
        0.1712999721,
        0.1624605141
      ],
      "memory_usage_byte": [
        6291456,
        6291456,
        6291456,
        6291456,
        6291456,
        6291456,
        6291456,
        6291456
      ],
      "exit_codes": [
        0,
        0,
        0,
        0,
        0,
        0,
        0,
        0
      ]
    },
    {
      "command": "java",
      "mean": 0.1871765196,
      "stddev": 0.03241573020742111,
      "median": 0.1795139516,
      "user": 0.13778467,
      "system": 0.018285065000000003,
      "min": 0.1533738481,
      "max": 0.25288293110000004,
      "times": [
        0.1686741811,
        0.1533738481,
        0.2060466811,
        0.1607172641,
        0.1677403481,
        0.1903537221,
        0.25288293110000004,
        0.1976231811
      ],
      "memory_usage_byte": [
        43040768,
        43040768,
        43040768,
        43040768,
        43040768,
        43040768,
        43040768,
        43040768
      ],
      "exit_codes": [
        0,
        0,
        0,
        0,
        0,
        0,
        0,
        0
      ]
    },
    {
      "command": "node",
      "mean": 0.15092649335,
      "stddev": 0.031035145163308946,
      "median": 0.1476218266,
      "user": 0.13054292,
      "system": 0.00891494,
      "min": 0.11770593110000001,
      "max": 0.2097175561,
      "times": [
        0.2097175561,
        0.1489728891,
        0.1748869311,
        0.16105188909999998,
        0.1462707641,
        0.1183550141,
        0.11770593110000001,
        0.1304509721
      ],
      "memory_usage_byte": [
        53559296,
        53673984,
        53673984,
        53673984,
        53673984,
        53673984,
        53673984,
        53673984
      ],
      "exit_codes": [
        0,
        0,
        0,
        0,
        0,
        0,
        0,
        0
      ]
    },
    {
      "command": "bun",
      "mean": 0.18848286322500002,
      "stddev": 0.01816495711705129,
      "median": 0.1847536811,
      "user": 0.160164545,
      "system": 0.00902619,
      "min": 0.1602503471,
      "max": 0.2206469731,
      "times": [
        0.1602503471,
        0.1820020971,
        0.1881511391,
        0.1804477641,
        0.1830143061,
        0.1864930561,
        0.2068572231,
        0.2206469731
      ],
      "memory_usage_byte": [
        53673984,
        53673984,
        53673984,
        53673984,
        53673984,
        53673984,
        53673984,
        53673984
      ],
      "exit_codes": [
        0,
        0,
        0,
        0,
        0,
        0,
        0,
        0
      ]
    },
    {
      "command": "deno",
      "mean": 0.22315726935000002,
      "stddev": 0.021137575801602578,
      "median": 0.2196149306,
      "user": 0.15283404499999997,
      "system": 0.012932565,
      "min": 0.1852211811,
      "max": 0.2525904721,
      "times": [
        0.2181758891,
        0.2498058471,
        0.1852211811,
        0.2247624731,
        0.2191518061,
        0.2154724311,
        0.2525904721,
        0.2200780551
      ],
      "memory_usage_byte": [
        58425344,
        58458112,
        58638336,
        58638336,
        58638336,
        58638336,
        58638336,
        58638336
      ],
      "exit_codes": [
        0,
        0,
        0,
        0,
        0,
        0,
        0,
        0
      ]
    }
  ]
}
