{
  "results": [
    {
      "command": "volentscript",
      "mean": 0.07231517511,
      "stddev": 0.0008943737429042185,
      "median": 0.07237742036,
      "user": 0.07074317,
      "system": 0.0007709250000000001,
      "min": 0.07099260786000001,
      "max": 0.07357756586000001,
      "times": [
        0.07168735686000001,
        0.07099260786000001,
        0.07274189886000001,
        0.07357756586000001,
        0.07328364886000001,
        0.07223102486,
        0.07148348186,
        0.07252381586000001
      ],
      "memory_usage_byte": [
        6258688,
        6258688,
        6258688,
        6258688,
        6258688,
        6258688,
        6258688,
        6258688
      ],
      "exit_codes": [
        0,
        0,
        0,
        0,
        0,
        0,
        0,
        0
      ]
    },
    {
      "command": "c",
      "mean": 0.05788513373500001,
      "stddev": 0.0008185427614827711,
      "median": 0.05767654536,
      "user": 0.056930169999999995,
      "system": 0.0003601750000000001,
      "min": 0.05684985786,
      "max": 0.059396940860000004,
      "times": [
        0.05760998286,
        0.05863489986,
        0.057743107860000004,
        0.05722069086,
        0.05684985786,
        0.057479065860000005,
        0.059396940860000004,
        0.05814652386
      ],
      "memory_usage_byte": [
        6258688,
        6258688,
        6258688,
        6258688,
        6258688,
        6258688,
        6258688,
        6258688
      ],
      "exit_codes": [
        0,
        0,
        0,
        0,
        0,
        0,
        0,
        0
      ]
    },
    {
      "command": "rust",
      "mean": 0.07272122211000001,
      "stddev": 0.0006716638712950632,
      "median": 0.07278179486000001,
      "user": 0.07155579499999999,
      "system": 0.0004351750000000002,
      "min": 0.07179606586000001,
      "max": 0.07363889886000001,
      "times": [
        0.07301602386000001,
        0.07285052386000002,
        0.07179606586000001,
        0.07346860786000001,
        0.07239785786000001,
        0.07363889886000001,
        0.07188873286000001,
        0.07271306586000001
      ],
      "memory_usage_byte": [
        6258688,
        6258688,
        6258688,
        6258688,
        6258688,
        6258688,
        6258688,
        6258688
      ],
      "exit_codes": [
        0,
        0,
        0,
        0,
        0,
        0,
        0,
        0
      ]
    },
    {
      "command": "go",
      "mean": 0.06728960761000001,
      "stddev": 0.0007054147132818406,
      "median": 0.06724969086000002,
      "user": 0.06584754500000001,
      "system": 0.0008165500000000002,
      "min": 0.06630939986,
      "max": 0.06852598186000002,
      "times": [
        0.06754556586,
        0.06695381586000002,
        0.06676056586000001,
        0.06630939986,
        0.06759777486000002,
        0.06852598186000002,
        0.06778077386,
        0.06684298286000001
      ],
      "memory_usage_byte": [
        6258688,
        6258688,
        6258688,
        6258688,
        6258688,
        6258688,
        6258688,
        6258688
      ],
      "exit_codes": [
        0,
        0,
        0,
        0,
        0,
        0,
        0,
        0
      ]
    },
    {
      "command": "java",
      "mean": 0.09212068036000001,
      "stddev": 0.0012942534050430126,
      "median": 0.09212562786,
      "user": 0.08894266999999999,
      "system": 0.0080698,
      "min": 0.08984598286,
      "max": 0.09459239886000001,
      "times": [
        0.09459239886000001,
        0.09240610786000002,
        0.09198773186,
        0.09175610786,
        0.08984598286,
        0.09226352386000002,
        0.09235794086000002,
        0.09175564886000001
      ],
      "memory_usage_byte": [
        42942464,
        42942464,
        42942464,
        42942464,
        42942464,
        42942464,
        42942464,
        42942464
      ],
      "exit_codes": [
        0,
        0,
        0,
        0,
        0,
        0,
        0,
        0
      ]
    },
    {
      "command": "node",
      "mean": 0.09288957111000001,
      "stddev": 0.00122176391674669,
      "median": 0.09290902436000001,
      "user": 0.08980479499999998,
      "system": 0.0040598,
      "min": 0.09106694086000001,
      "max": 0.09497889886000001,
      "times": [
        0.09187685786000001,
        0.09497889886000001,
        0.09325648286000002,
        0.09218814886000001,
        0.09301798286000001,
        0.09280006586000002,
        0.09393119086000001,
        0.09106694086000001
      ],
      "memory_usage_byte": [
        53444608,
        53444608,
        53542912,
        53575680,
        53575680,
        53575680,
        53608448,
        53641216
      ],
      "exit_codes": [
        0,
        0,
        0,
        0,
        0,
        0,
        0,
        0
      ]
    },
    {
      "command": "bun",
      "mean": 0.10884510748500001,
      "stddev": 0.0031423362900463523,
      "median": 0.10777483636000001,
      "user": 0.10724141999999998,
      "system": 0.003581175,
      "min": 0.10542523286000001,
      "max": 0.11567252486000001,
      "times": [
        0.10819664886000001,
        0.10725260786000002,
        0.10702889886000001,
        0.10542523286000001,
        0.10735302386000001,
        0.11567252486000001,
        0.11004981586000001,
        0.10978210686
      ],
      "memory_usage_byte": [
        53641216,
        53641216,
        53641216,
        53641216,
        53641216,
        53641216,
        53641216,
        53641216
      ],
      "exit_codes": [
        0,
        0,
        0,
        0,
        0,
        0,
        0,
        0
      ]
    },
    {
      "command": "deno",
      "mean": 0.09001142523500001,
      "stddev": 0.000691649820670411,
      "median": 0.08991766986000002,
      "user": 0.08590591999999998,
      "system": 0.0059598,
      "min": 0.08912206586000002,
      "max": 0.09142506586000002,
      "times": [
        0.08995348286000002,
        0.08952677486,
        0.08912206586000002,
        0.08973889886000001,
        0.09142506586000002,
        0.08993189886000001,
        0.08990344086000002,
        0.09048977386000001
      ],
      "memory_usage_byte": [
        58458112,
        58458112,
        58458112,
        58458112,
        58458112,
        58458112,
        58458112,
        58458112
      ],
      "exit_codes": [
        0,
        0,
        0,
        0,
        0,
        0,
        0,
        0
      ]
    }
  ]
}
