{
  "results": [
    {
      "command": "volentscript",
      "mean": 0.07099328338500001,
      "stddev": 0.0006284732037387897,
      "median": 0.07116990876000001,
      "user": 0.069362545,
      "system": 0.0008140099999999998,
      "min": 0.06961090776000001,
      "max": 0.07161578276000001,
      "times": [
        0.07114857576000001,
        0.07131228376000001,
        0.07110253376,
        0.07119124176000001,
        0.07060224176,
        0.07136269976000001,
        0.07161578276000001,
        0.06961090776000001
      ],
      "memory_usage_byte": [
        6258688,
        6258688,
        6258688,
        6258688,
        6258688,
        6258688,
        6258688,
        6258688
      ],
      "exit_codes": [
        0,
        0,
        0,
        0,
        0,
        0,
        0,
        0
      ]
    },
    {
      "command": "c",
      "mean": 0.056846585760000005,
      "stddev": 0.0008395810874654774,
      "median": 0.05702178376,
      "user": 0.055766794999999994,
      "system": 0.00044613499999999974,
      "min": 0.05579924176,
      "max": 0.05791103376,
      "times": [
        0.05733557576,
        0.05606044976,
        0.055907241760000004,
        0.05579924176,
        0.05763407576,
        0.05791103376,
        0.05741707576,
        0.05670799176
      ],
      "memory_usage_byte": [
        6258688,
        6258688,
        6258688,
        6258688,
        6258688,
        6258688,
        6258688,
        6258688
      ],
      "exit_codes": [
        0,
        0,
        0,
        0,
        0,
        0,
        0,
        0
      ]
    },
    {
      "command": "rust",
      "mean": 0.07198129901000003,
      "stddev": 0.0005439161831350603,
      "median": 0.07199132526000002,
      "user": 0.07087542,
      "system": 0.0004750099999999998,
      "min": 0.07115886676000001,
      "max": 0.07276736676000001,
      "times": [
        0.07206157576000001,
        0.07142528276000001,
        0.07230690876000001,
        0.07170407476000001,
        0.07250524176,
        0.07192107476000001,
        0.07115886676000001,
        0.07276736676000001
      ],
      "memory_usage_byte": [
        6258688,
        6258688,
        6258688,
        6258688,
        6258688,
        6258688,
        6258688,
        6258688
      ],
      "exit_codes": [
        0,
        0,
        0,
        0,
        0,
        0,
        0,
        0
      ]
    },
    {
      "command": "go",
      "mean": 0.06596915301000002,
      "stddev": 0.0006579548681212871,
      "median": 0.06587711676,
      "user": 0.064561045,
      "system": 0.0007505099999999997,
      "min": 0.06508840776000001,
      "max": 0.06701765776,
      "times": [
        0.06602190876000001,
        0.06701765776,
        0.06534799176,
        0.06573232476,
        0.06674994976000001,
        0.06611036676000001,
        0.06508840776000001,
        0.06568461676000001
      ],
      "memory_usage_byte": [
        6258688,
        6258688,
        6258688,
        6258688,
        6258688,
        6258688,
        6258688,
        6258688
      ],
      "exit_codes": [
        0,
        0,
        0,
        0,
        0,
        0,
        0,
        0
      ]
    },
    {
      "command": "java",
      "mean": 0.08997051776000001,
      "stddev": 0.0008010867057951426,
      "median": 0.09016313776000001,
      "user": 0.086908545,
      "system": 0.00814426,
      "min": 0.08893915876000001,
      "max": 0.09103294976000001,
      "times": [
        0.09020474176000001,
        0.08893915876000001,
        0.08932336676000001,
        0.09069636676000001,
        0.08896344976000001,
        0.09012153376000001,
        0.09103294976000001,
        0.09048257476
      ],
      "memory_usage_byte": [
        42975232,
        42975232,
        42975232,
        42975232,
        42975232,
        42975232,
        42975232,
        42975232
      ],
      "exit_codes": [
        0,
        0,
        0,
        0,
        0,
        0,
        0,
        0
      ]
    },
    {
      "command": "node",
      "mean": 0.09170501276000002,
      "stddev": 0.0012247755096991692,
      "median": 0.09154328376000001,
      "user": 0.088905045,
      "system": 0.003920885,
      "min": 0.08965120076000001,
      "max": 0.09364465876000001,
      "times": [
        0.09364465876000001,
        0.09148432576000001,
        0.09294407476000001,
        0.09087774176,
        0.08965120076000001,
        0.09160224176000001,
        0.09206499176,
        0.09137086676000002
      ],
      "memory_usage_byte": [
        53575680,
        53575680,
        53575680,
        53575680,
        53575680,
        53608448,
        53608448,
        53608448
      ],
      "exit_codes": [
        0,
        0,
        0,
        0,
        0,
        0,
        0,
        0
      ]
    },
    {
      "command": "bun",
      "mean": 0.10566939301000003,
      "stddev": 0.0010695430873465495,
      "median": 0.10565101276000001,
      "user": 0.10440667000000001,
      "system": 0.0032125099999999996,
      "min": 0.10449607576000002,
      "max": 0.10791365876000002,
      "times": [
        0.10583128376,
        0.10449607576000002,
        0.10547074176000001,
        0.10506311676,
        0.10605828376000001,
        0.10791365876000002,
        0.10467961676000001,
        0.10584236676000001
      ],
      "memory_usage_byte": [
        53608448,
        53608448,
        53608448,
        53608448,
        53608448,
        53608448,
        53608448,
        53608448
      ],
      "exit_codes": [
        0,
        0,
        0,
        0,
        0,
        0,
        0,
        0
      ]
    },
    {
      "command": "deno",
      "mean": 0.08694268438500001,
      "stddev": 0.0006477780839312926,
      "median": 0.08693067926,
      "user": 0.08317017,
      "system": 0.0054781349999999986,
      "min": 0.08607665876000001,
      "max": 0.08814078276000001,
      "times": [
        0.08697232476000001,
        0.08655786676,
        0.08607665876000001,
        0.08635986676000001,
        0.08688903376000001,
        0.08741882476000001,
        0.08814078276000001,
        0.08712611676000001
      ],
      "memory_usage_byte": [
        58425344,
        58425344,
        58425344,
        58425344,
        58425344,
        58425344,
        58425344,
        58425344
      ],
      "exit_codes": [
        0,
        0,
        0,
        0,
        0,
        0,
        0,
        0
      ]
    }
  ]
}
