{
  "results": [
    {
      "command": "volentscript",
      "mean": 0.071024564315,
      "stddev": 0.0011342476624182525,
      "median": 0.07059778794,
      "user": 0.06922107499999999,
      "system": 0.0009526550000000003,
      "min": 0.07046026744,
      "max": 0.07380330944,
      "times": [
        0.07046026744,
        0.07062372544000001,
        0.07053176744,
        0.07057185044,
        0.07050835044,
        0.07380330944,
        0.07096885144000001,
        0.07072839244
      ],
      "memory_usage_byte": [
        6258688,
        6258688,
        6258688,
        6258688,
        6258688,
        6258688,
        6258688,
        6258688
      ],
      "exit_codes": [
        0,
        0,
        0,
        0,
        0,
        0,
        0,
        0
      ]
    },
    {
      "command": "c",
      "mean": 0.056318178814999995,
      "stddev": 0.0006485303179065591,
      "median": 0.056151537939999996,
      "user": 0.055193325,
      "system": 0.0004389050000000004,
      "min": 0.05554326744,
      "max": 0.057510309440000004,
      "times": [
        0.05601018444,
        0.05639043344,
        0.057510309440000004,
        0.05621530844,
        0.055782850440000004,
        0.05700530944,
        0.05608776744,
        0.05554326744
      ],
      "memory_usage_byte": [
        6258688,
        6258688,
        6258688,
        6258688,
        6258688,
        6258688,
        6258688,
        6258688
      ],
      "exit_codes": [
        0,
        0,
        0,
        0,
        0,
        0,
        0,
        0
      ]
    },
    {
      "command": "rust",
      "mean": 0.07135406431500001,
      "stddev": 0.000297784440171764,
      "median": 0.07135330894,
      "user": 0.070314325,
      "system": 0.00042640500000000036,
      "min": 0.07090980944,
      "max": 0.07186264244,
      "times": [
        0.07127868444,
        0.07090980944,
        0.07137664244,
        0.07161130844000001,
        0.07132997544,
        0.07140755944,
        0.07186264244,
        0.07105589244
      ],
      "memory_usage_byte": [
        6258688,
        6258688,
        6258688,
        6258688,
        6258688,
        6258688,
        6258688,
        6258688
      ],
      "exit_codes": [
        0,
        0,
        0,
        0,
        0,
        0,
        0,
        0
      ]
    },
    {
      "command": "go",
      "mean": 0.06480185594,
      "stddev": 0.0002612306614611457,
      "median": 0.06472678844,
      "user": 0.063554325,
      "system": 0.0006555300000000004,
      "min": 0.06452497544000001,
      "max": 0.06512785044,
      "times": [
        0.06511014244,
        0.06512785044,
        0.06485755944,
        0.06452497544000001,
        0.06503801744,
        0.06457130944,
        0.06459601744,
        0.06458897544
      ],
      "memory_usage_byte": [
        6258688,
        6258688,
        6258688,
        6258688,
        6258688,
        6258688,
        6258688,
        6258688
      ],
      "exit_codes": [
        0,
        0,
        0,
        0,
        0,
        0,
        0,
        0
      ]
    },
    {
      "command": "java",
      "mean": 0.08947462694000001,
      "stddev": 0.0010554280091645966,
      "median": 0.08914241344000001,
      "user": 0.08632869999999998,
      "system": 0.00772378,
      "min": 0.08871122644,
      "max": 0.09195447544,
      "times": [
        0.08917630944,
        0.09195447544,
        0.08975455944,
        0.08898001744,
        0.08871122644,
        0.08910851744,
        0.08876572544,
        0.08934618444
      ],
      "memory_usage_byte": [
        42991616,
        42991616,
        42991616,
        42991616,
        42991616,
        42991616,
        42991616,
        42991616
      ],
      "exit_codes": [
        0,
        0,
        0,
        0,
        0,
        0,
        0,
        0
      ]
    },
    {
      "command": "node",
      "mean": 0.09022281431500001,
      "stddev": 0.0009451643904628348,
      "median": 0.09024445494,
      "user": 0.087375075,
      "system": 0.00360153,
      "min": 0.08892839244,
      "max": 0.09155126744,
      "times": [
        0.09124251744,
        0.09155126744,
        0.08901772644,
        0.08988622544000001,
        0.09031172644,
        0.08892839244,
        0.09066747544,
        0.09017718344
      ],
      "memory_usage_byte": [
        53624832,
        53624832,
        53624832,
        53624832,
        53624832,
        53624832,
        53624832,
        53624832
      ],
      "exit_codes": [
        0,
        0,
        0,
        0,
        0,
        0,
        0,
        0
      ]
    },
    {
      "command": "bun",
      "mean": 0.104154684065,
      "stddev": 0.00042005345741632887,
      "median": 0.10402476744,
      "user": 0.10286844999999999,
      "system": 0.003035905,
      "min": 0.10367210044,
      "max": 0.10484468444,
      "times": [
        0.10401580944000001,
        0.10367210044,
        0.10374951744000001,
        0.10403101744,
        0.10484468444,
        0.10401851744,
        0.10470880844000001,
        0.10419701744
      ],
      "memory_usage_byte": [
        53624832,
        53624832,
        53624832,
        53624832,
        53624832,
        53624832,
        53624832,
        53624832
      ],
      "exit_codes": [
        0,
        0,
        0,
        0,
        0,
        0,
        0,
        0
      ]
    },
    {
      "command": "deno",
      "mean": 0.08617815819000002,
      "stddev": 0.0007456988401643793,
      "median": 0.08602916344,
      "user": 0.08230045,
      "system": 0.00549803,
      "min": 0.08538230944,
      "max": 0.08775514244,
      "times": [
        0.08775514244,
        0.08629093444000001,
        0.08640826744,
        0.08576739244,
        0.08564389244000001,
        0.08538230944,
        0.08574489244,
        0.08643243444
      ],
      "memory_usage_byte": [
        58458112,
        58458112,
        58458112,
        58540032,
        58540032,
        58540032,
        58540032,
        58540032
      ],
      "exit_codes": [
        0,
        0,
        0,
        0,
        0,
        0,
        0,
        0
      ]
    }
  ]
}
