{
  "results": [
    {
      "command": "volentscript",
      "mean": 1.71617371613,
      "stddev": 0.01113403530580839,
      "median": 1.7159942268800001,
      "user": 1.707444185,
      "system": 0.00526949,
      "min": 1.70257993438,
      "max": 1.7313048093800003,
      "times": [
        1.70257993438,
        1.7111078933800001,
        1.7313048093800003,
        1.7050934773800002,
        1.7265987683800001,
        1.7208805603800001,
        1.72525610138,
        1.7065681843800002
      ],
      "memory_usage_byte": [
        6406144,
        6406144,
        6406144,
        6406144,
        6406144,
        6406144,
        6406144,
        6406144
      ],
      "exit_codes": [
        0,
        0,
        0,
        0,
        0,
        0,
        0,
        0
      ]
    },
    {
      "command": "c",
      "mean": 0.177592179755,
      "stddev": 0.0014402413163326834,
      "median": 0.17717253938,
      "user": 0.17554656000000002,
      "system": 0.0011269899999999998,
      "min": 0.17569480938,
      "max": 0.17959151838,
      "times": [
        0.17934547638,
        0.17712214337999999,
        0.17722293538,
        0.17626156038,
        0.17959151838,
        0.17866364338,
        0.17569480938,
        0.17683535138
      ],
      "memory_usage_byte": [
        6406144,
        6406144,
        6406144,
        6406144,
        6406144,
        6406144,
        6406144,
        6406144
      ],
      "exit_codes": [
        0,
        0,
        0,
        0,
        0,
        0,
        0,
        0
      ]
    },
    {
      "command": "rust",
      "mean": 0.18478567463,
      "stddev": 0.003129672077654449,
      "median": 0.18394724788,
      "user": 0.18192831,
      "system": 0.001457115,
      "min": 0.18160785138,
      "max": 0.19088597638,
      "times": [
        0.18160785138,
        0.18426389338,
        0.18801468538,
        0.18415722738,
        0.18359864338,
        0.18201985138,
        0.19088597638,
        0.18373726838
      ],
      "memory_usage_byte": [
        6406144,
        6406144,
        6406144,
        6406144,
        6406144,
        6406144,
        6406144,
        6406144
      ],
      "exit_codes": [
        0,
        0,
        0,
        0,
        0,
        0,
        0,
        0
      ]
    },
    {
      "command": "go",
      "mean": 0.169458502755,
      "stddev": 0.0026344792580019036,
      "median": 0.16890353887999998,
      "user": 0.16647031,
      "system": 0.0018184899999999996,
      "min": 0.16681547638,
      "max": 0.17412110238,
      "times": [
        0.16681547638,
        0.16731122638,
        0.17197847638,
        0.17412110238,
        0.16965126838,
        0.16815580938,
        0.16703681038,
        0.17059785238
      ],
      "memory_usage_byte": [
        6406144,
        6406144,
        6406144,
        6406144,
        6406144,
        6406144,
        6406144,
        6406144
      ],
      "exit_codes": [
        0,
        0,
        0,
        0,
        0,
        0,
        0,
        0
      ]
    },
    {
      "command": "java",
      "mean": 0.223791612255,
      "stddev": 0.002161181634051442,
      "median": 0.22325585138,
      "user": 0.22850318500000005,
      "system": 0.009772614999999998,
      "min": 0.22200281038,
      "max": 0.22874860238,
      "times": [
        0.22250564338,
        0.22457310238,
        0.22874860238,
        0.22312872638,
        0.22338297638000001,
        0.22362201838,
        0.22200281038,
        0.22236901838
      ],
      "memory_usage_byte": [
        46907392,
        46907392,
        47005696,
        47005696,
        47005696,
        47005696,
        47005696,
        47005696
      ],
      "exit_codes": [
        0,
        0,
        0,
        0,
        0,
        0,
        0,
        0
      ]
    },
    {
      "command": "node",
      "mean": 0.24581617488000002,
      "stddev": 0.003969608983120416,
      "median": 0.24446774788,
      "user": 0.24242293499999995,
      "system": 0.005299239999999999,
      "min": 0.24245531038,
      "max": 0.25373772738,
      "times": [
        0.24261305938,
        0.24415318538,
        0.24391722738,
        0.24485510138,
        0.24245531038,
        0.24478231038,
        0.25001547738,
        0.25373772738
      ],
      "memory_usage_byte": [
        54018048,
        54018048,
        54018048,
        54067200,
        54067200,
        54067200,
        54067200,
        54067200
      ],
      "exit_codes": [
        0,
        0,
        0,
        0,
        0,
        0,
        0,
        0
      ]
    },
    {
      "command": "bun",
      "mean": 0.26084817988000003,
      "stddev": 0.0013185501042237938,
      "median": 0.26038951838,
      "user": 0.261666435,
      "system": 0.004117989999999999,
      "min": 0.25998776838,
      "max": 0.26396601838,
      "times": [
        0.26396601838,
        0.26109585138,
        0.26044785138,
        0.26033118538,
        0.25998776838,
        0.26009622738,
        0.26003964338,
        0.26082089338000003
      ],
      "memory_usage_byte": [
        54067200,
        54067200,
        54067200,
        54067200,
        54067200,
        54067200,
        54067200,
        54067200
      ],
      "exit_codes": [
        0,
        0,
        0,
        0,
        0,
        0,
        0,
        0
      ]
    },
    {
      "command": "deno",
      "mean": 0.24017708613000002,
      "stddev": 0.0033403492879402353,
      "median": 0.23881170588,
      "user": 0.23638931000000002,
      "system": 0.007192114999999999,
      "min": 0.23786047638,
      "max": 0.24759156038000002,
      "times": [
        0.23856589338,
        0.23863276838,
        0.23937856038,
        0.23788135138,
        0.24251543538,
        0.23786047638,
        0.23899064338,
        0.24759156038000002
      ],
      "memory_usage_byte": [
        59441152,
        59441152,
        59441152,
        59441152,
        59441152,
        59441152,
        59441152,
        59441152
      ],
      "exit_codes": [
        0,
        0,
        0,
        0,
        0,
        0,
        0,
        0
      ]
    }
  ]
}
