{
  "results": [
    {
      "command": "volentscript",
      "mean": 1.72778442432,
      "stddev": 0.020210590976900297,
      "median": 1.7213406068200001,
      "user": 1.7170682200000003,
      "system": 0.005536024999999999,
      "min": 1.70471666882,
      "max": 1.76887921082,
      "times": [
        1.7460069608200002,
        1.72104671082,
        1.71506096082,
        1.70471666882,
        1.72094550182,
        1.72163450282,
        1.76887921082,
        1.7239848778200002
      ],
      "memory_usage_byte": [
        6438912,
        6438912,
        6438912,
        6438912,
        6438912,
        6438912,
        6438912,
        6438912
      ],
      "exit_codes": [
        0,
        0,
        0,
        0,
        0,
        0,
        0,
        0
      ]
    },
    {
      "command": "c",
      "mean": 0.17831297107000002,
      "stddev": 0.0007042608149706146,
      "median": 0.17814056482,
      "user": 0.17635734499999997,
      "system": 0.0010380250000000001,
      "min": 0.17759583582000002,
      "max": 0.17991925182000001,
      "times": [
        0.17820629382,
        0.17828575282,
        0.17759583582000002,
        0.17991925182000001,
        0.17807483582,
        0.17851354382,
        0.17802783582,
        0.17788041882
      ],
      "memory_usage_byte": [
        6438912,
        6438912,
        6438912,
        6438912,
        6438912,
        6438912,
        6438912,
        6438912
      ],
      "exit_codes": [
        0,
        0,
        0,
        0,
        0,
        0,
        0,
        0
      ]
    },
    {
      "command": "rust",
      "mean": 0.18443022107000004,
      "stddev": 0.001274122818244512,
      "median": 0.18492266882000002,
      "user": 0.18221647,
      "system": 0.001150275,
      "min": 0.18252691882000002,
      "max": 0.18567625282,
      "times": [
        0.18358350182000002,
        0.18252691882000002,
        0.18558991882,
        0.18517254382,
        0.18567625282,
        0.18539671082,
        0.18467279382000001,
        0.18282312782000001
      ],
      "memory_usage_byte": [
        6438912,
        6438912,
        6438912,
        6438912,
        6438912,
        6438912,
        6438912,
        6438912
      ],
      "exit_codes": [
        0,
        0,
        0,
        0,
        0,
        0,
        0,
        0
      ]
    },
    {
      "command": "go",
      "mean": 0.16824410157,
      "stddev": 0.0004958827915873872,
      "median": 0.16837877332,
      "user": 0.16592984499999996,
      "system": 0.0015514,
      "min": 0.16751862782000002,
      "max": 0.16876604482000002,
      "times": [
        0.16762212682000002,
        0.16826733582,
        0.16751862782000002,
        0.16876604482000002,
        0.16793471082,
        0.16849021082,
        0.16863058582,
        0.16872316982000002
      ],
      "memory_usage_byte": [
        6438912,
        6438912,
        6438912,
        6438912,
        6438912,
        6438912,
        6438912,
        6438912
      ],
      "exit_codes": [
        0,
        0,
        0,
        0,
        0,
        0,
        0,
        0
      ]
    },
    {
      "command": "java",
      "mean": 0.22495476819500004,
      "stddev": 0.0005253523543530234,
      "median": 0.22489229482,
      "user": 0.22888822,
      "system": 0.009877525000000002,
      "min": 0.22434625182,
      "max": 0.22586187782,
      "times": [
        0.22434625182,
        0.22586187782,
        0.22546029382000002,
        0.22512212782000002,
        0.22473504482,
        0.22504954482,
        0.22467237682000002,
        0.22439062782000002
      ],
      "memory_usage_byte": [
        46923776,
        46923776,
        46923776,
        46923776,
        46923776,
        46923776,
        46923776,
        46923776
      ],
      "exit_codes": [
        0,
        0,
        0,
        0,
        0,
        0,
        0,
        0
      ]
    },
    {
      "command": "node",
      "mean": 0.24565857032000005,
      "stddev": 0.0006251977719101573,
      "median": 0.24560910682,
      "user": 0.24248859499999997,
      "system": 0.00543215,
      "min": 0.24453266982000002,
      "max": 0.24669916982,
      "times": [
        0.24541683582,
        0.24552500282,
        0.24594533582000003,
        0.24539937682000001,
        0.24453266982000002,
        0.24669916982,
        0.24605696082,
        0.24569321082
      ],
      "memory_usage_byte": [
        54001664,
        54001664,
        54165504,
        54165504,
        54165504,
        54165504,
        54165504,
        54165504
      ],
      "exit_codes": [
        0,
        0,
        0,
        0,
        0,
        0,
        0,
        0
      ]
    },
    {
      "command": "bun",
      "mean": 0.26257390857,
      "stddev": 0.000889123592719372,
      "median": 0.26262029382,
      "user": 0.262846595,
      "system": 0.0048094,
      "min": 0.26141262682,
      "max": 0.26404616982,
      "times": [
        0.26404616982,
        0.26183850282000004,
        0.26248421082,
        0.26281383582,
        0.26275637682,
        0.26179100182000004,
        0.26141262682,
        0.26344854382
      ],
      "memory_usage_byte": [
        54165504,
        54165504,
        54165504,
        54165504,
        54165504,
        54165504,
        54165504,
        54165504
      ],
      "exit_codes": [
        0,
        0,
        0,
        0,
        0,
        0,
        0,
        0
      ]
    },
    {
      "command": "deno",
      "mean": 0.24119012744500004,
      "stddev": 0.0012240753931856304,
      "median": 0.24128941932000003,
      "user": 0.23701259499999996,
      "system": 0.007476525,
      "min": 0.23975175182000003,
      "max": 0.24293716982000002,
      "times": [
        0.24293716982000002,
        0.24146037782000002,
        0.24267596082,
        0.24160779382000003,
        0.23995958582000002,
        0.23975175182000003,
        0.24000991882,
        0.24111846082000002
      ],
      "memory_usage_byte": [
        59293696,
        59293696,
        59293696,
        59293696,
        59293696,
        59293696,
        59293696,
        59293696
      ],
      "exit_codes": [
        0,
        0,
        0,
        0,
        0,
        0,
        0,
        0
      ]
    }
  ]
}
