{
  "results": [
    {
      "command": "volentscript",
      "mean": 1.7226004596350002,
      "stddev": 0.012218440789787257,
      "median": 1.71880603226,
      "user": 1.7176522699999999,
      "system": 0.0035942649999999997,
      "min": 1.70724615776,
      "max": 1.7436269077600002,
      "times": [
        1.7179669907600001,
        1.7157743247600001,
        1.72876024076,
        1.71273207376,
        1.7436269077600002,
        1.71964507376,
        1.7350519077600002,
        1.70724615776
      ],
      "memory_usage_byte": [
        6406144,
        6406144,
        6406144,
        6406144,
        6406144,
        6406144,
        6406144,
        6406144
      ],
      "exit_codes": [
        0,
        0,
        0,
        0,
        0,
        0,
        0,
        0
      ]
    },
    {
      "command": "c",
      "mean": 0.17819190750999997,
      "stddev": 0.0015663464763215874,
      "median": 0.17759478276000001,
      "user": 0.176638395,
      "system": 0.0007781399999999999,
      "min": 0.17617224076000002,
      "max": 0.18055357376,
      "times": [
        0.17617224076000002,
        0.17736019876,
        0.17744928276,
        0.17774028276,
        0.17692782376000002,
        0.17941394976,
        0.17991790776,
        0.18055357376
      ],
      "memory_usage_byte": [
        6406144,
        6406144,
        6406144,
        6406144,
        6406144,
        6406144,
        6406144,
        6406144
      ],
      "exit_codes": [
        0,
        0,
        0,
        0,
        0,
        0,
        0,
        0
      ]
    },
    {
      "command": "rust",
      "mean": 0.18484921976000004,
      "stddev": 0.002109324540515825,
      "median": 0.18437617826000002,
      "user": 0.18300252,
      "system": 0.0010540149999999997,
      "min": 0.18288032376000002,
      "max": 0.18968090776000002,
      "times": [
        0.18413024076,
        0.18474619876,
        0.18347982376,
        0.18968090776000002,
        0.18545469876,
        0.18379944876,
        0.18288032376000002,
        0.18462211576
      ],
      "memory_usage_byte": [
        6406144,
        6406144,
        6406144,
        6406144,
        6406144,
        6406144,
        6406144,
        6406144
      ],
      "exit_codes": [
        0,
        0,
        0,
        0,
        0,
        0,
        0,
        0
      ]
    },
    {
      "command": "go",
      "mean": 0.18833661576000002,
      "stddev": 0.01855563244848053,
      "median": 0.18300294926,
      "user": 0.17634339500000001,
      "system": 0.004050015,
      "min": 0.16800494876,
      "max": 0.21306782476,
      "times": [
        0.18973744976,
        0.20303932376,
        0.21306782476,
        0.17626844876,
        0.16800494876,
        0.17223553176,
        0.21131086576000002,
        0.17302853276
      ],
      "memory_usage_byte": [
        6406144,
        6406144,
        6406144,
        6406144,
        6406144,
        6406144,
        6406144,
        6406144
      ],
      "exit_codes": [
        0,
        0,
        0,
        0,
        0,
        0,
        0,
        0
      ]
    },
    {
      "command": "java",
      "mean": 0.224806652135,
      "stddev": 0.0021445489385887168,
      "median": 0.22382761526,
      "user": 0.22902739499999997,
      "system": 0.010321265,
      "min": 0.22290169976000002,
      "max": 0.22890844876000002,
      "times": [
        0.22504190776000002,
        0.22290169976000002,
        0.22718690776,
        0.22890844876000002,
        0.22349261576,
        0.22326640676,
        0.22386644876,
        0.22378878176
      ],
      "memory_usage_byte": [
        46923776,
        46923776,
        46923776,
        46923776,
        46923776,
        46940160,
        46940160,
        46940160
      ],
      "exit_codes": [
        0,
        0,
        0,
        0,
        0,
        0,
        0,
        0
      ]
    },
    {
      "command": "node",
      "mean": 0.250791787635,
      "stddev": 0.012129220442777821,
      "median": 0.24584326176000001,
      "user": 0.24494464499999996,
      "system": 0.005803264999999999,
      "min": 0.24392528176,
      "max": 0.28006211576000006,
      "times": [
        0.24506424076000002,
        0.24425103176000001,
        0.24580915776,
        0.24985644976000002,
        0.24392528176,
        0.25148865776,
        0.24587736576000002,
        0.28006211576000006
      ],
      "memory_usage_byte": [
        54427648,
        54427648,
        54427648,
        54427648,
        54427648,
        54427648,
        54427648,
        54427648
      ],
      "exit_codes": [
        0,
        0,
        0,
        0,
        0,
        0,
        0,
        0
      ]
    },
    {
      "command": "bun",
      "mean": 0.26986826151000004,
      "stddev": 0.010403632940771684,
      "median": 0.26617896976000005,
      "user": 0.26770764500000005,
      "system": 0.005870764999999999,
      "min": 0.26021536576000004,
      "max": 0.28485903176000005,
      "times": [
        0.27532815776,
        0.26053744876,
        0.26140565776,
        0.26021536576000004,
        0.26322794876000005,
        0.26912999076000005,
        0.28424249076,
        0.28485903176000005
      ],
      "memory_usage_byte": [
        54427648,
        54427648,
        54427648,
        54427648,
        54427648,
        54427648,
        54427648,
        54427648
      ],
      "exit_codes": [
        0,
        0,
        0,
        0,
        0,
        0,
        0,
        0
      ]
    },
    {
      "command": "deno",
      "mean": 0.23915085001,
      "stddev": 0.0016128471912434687,
      "median": 0.23882284476,
      "user": 0.23601527,
      "system": 0.00638414,
      "min": 0.23715386576,
      "max": 0.24198361576000002,
      "times": [
        0.23758182376,
        0.23835949076000001,
        0.24198361576000002,
        0.23925615776,
        0.23715386576,
        0.24050582376000001,
        0.23997649076000002,
        0.23838953176000002
      ],
      "memory_usage_byte": [
        59473920,
        59473920,
        59473920,
        59473920,
        59473920,
        59473920,
        59473920,
        59473920
      ],
      "exit_codes": [
        0,
        0,
        0,
        0,
        0,
        0,
        0,
        0
      ]
    }
  ]
}
