{
  "results": [
    {
      "command": "volentscript",
      "mean": 1.7383530765900002,
      "stddev": 0.016292807941656783,
      "median": 1.73671526934,
      "user": 1.730936265,
      "system": 0.005631719999999999,
      "min": 1.7088746858400001,
      "max": 1.75791872684,
      "times": [
        1.75791872684,
        1.74816931084,
        1.7088746858400001,
        1.75698176984,
        1.7381692688400001,
        1.72642143584,
        1.73526126984,
        1.73502814484
      ],
      "memory_usage_byte": [
        6471680,
        6471680,
        6471680,
        6471680,
        6471680,
        6471680,
        6471680,
        6471680
      ],
      "exit_codes": [
        0,
        0,
        0,
        0,
        0,
        0,
        0,
        0
      ]
    },
    {
      "command": "c",
      "mean": 0.179809899465,
      "stddev": 0.001805171734455985,
      "median": 0.17907035284,
      "user": 0.17785489,
      "system": 0.0010860949999999996,
      "min": 0.17749406084,
      "max": 0.18281022684,
      "times": [
        0.17749406084,
        0.17918697784,
        0.17858810284,
        0.17895372784000002,
        0.17879360284,
        0.18281022684,
        0.18100993584,
        0.18164256084
      ],
      "memory_usage_byte": [
        6471680,
        6471680,
        6471680,
        6471680,
        6471680,
        6471680,
        6471680,
        6471680
      ],
      "exit_codes": [
        0,
        0,
        0,
        0,
        0,
        0,
        0,
        0
      ]
    },
    {
      "command": "rust",
      "mean": 0.19035805059,
      "stddev": 0.00988986455322007,
      "median": 0.18627866484,
      "user": 0.18492614000000002,
      "system": 0.0018479699999999996,
      "min": 0.18259643584000002,
      "max": 0.21277772784,
      "times": [
        0.18259643584000002,
        0.18604306084,
        0.18651426884,
        0.18513906084,
        0.19568439484,
        0.21277772784,
        0.18939522784,
        0.18471422784
      ],
      "memory_usage_byte": [
        6471680,
        6471680,
        6471680,
        6471680,
        6471680,
        6471680,
        6471680,
        6471680
      ],
      "exit_codes": [
        0,
        0,
        0,
        0,
        0,
        0,
        0,
        0
      ]
    },
    {
      "command": "go",
      "mean": 0.16811053484000002,
      "stddev": 0.0007823057151521488,
      "median": 0.16783618584,
      "user": 0.16590588999999997,
      "system": 0.0014693449999999997,
      "min": 0.16726851884000002,
      "max": 0.16955322784000001,
      "times": [
        0.16738172784,
        0.16726851884000002,
        0.16796568584000002,
        0.16770668584,
        0.16867789384,
        0.16769064384000001,
        0.16955322784000001,
        0.16863989484
      ],
      "memory_usage_byte": [
        6471680,
        6471680,
        6471680,
        6471680,
        6471680,
        6471680,
        6471680,
        6471680
      ],
      "exit_codes": [
        0,
        0,
        0,
        0,
        0,
        0,
        0,
        0
      ]
    },
    {
      "command": "java",
      "mean": 0.231005008965,
      "stddev": 0.0024570939785011708,
      "median": 0.23224551934,
      "user": 0.23365376499999999,
      "system": 0.012181470000000002,
      "min": 0.22597772684,
      "max": 0.23321610284000002,
      "times": [
        0.22597772684,
        0.22942751984,
        0.22976731084000002,
        0.23229268584,
        0.23245026984,
        0.23321610284000002,
        0.23271010284000002,
        0.23219835284
      ],
      "memory_usage_byte": [
        46923776,
        46923776,
        46923776,
        46923776,
        46923776,
        46972928,
        46972928,
        46972928
      ],
      "exit_codes": [
        0,
        0,
        0,
        0,
        0,
        0,
        0,
        0
      ]
    },
    {
      "command": "node",
      "mean": 0.25659992009,
      "stddev": 0.005958184113108528,
      "median": 0.25437549784,
      "user": 0.249798515,
      "system": 0.00676947,
      "min": 0.25169218584,
      "max": 0.26826243584000004,
      "times": [
        0.25169218584,
        0.25177097784,
        0.25267489384,
        0.25182672784,
        0.25607610184,
        0.26025364384,
        0.26024239384000003,
        0.26826243584000004
      ],
      "memory_usage_byte": [
        54132736,
        54132736,
        54132736,
        54132736,
        54132736,
        54132736,
        54132736,
        54132736
      ],
      "exit_codes": [
        0,
        0,
        0,
        0,
        0,
        0,
        0,
        0
      ]
    },
    {
      "command": "bun",
      "mean": 0.28097355571500005,
      "stddev": 0.025499125824626358,
      "median": 0.26787856084,
      "user": 0.27936939,
      "system": 0.005973345,
      "min": 0.26636451984000004,
      "max": 0.33121810184,
      "times": [
        0.26706022784,
        0.26791735284,
        0.33121810184,
        0.31156101884000004,
        0.26783976884,
        0.26636451984000004,
        0.26756231084000004,
        0.26826514484
      ],
      "memory_usage_byte": [
        54132736,
        54132736,
        54132736,
        54132736,
        54132736,
        54132736,
        54132736,
        54132736
      ],
      "exit_codes": [
        0,
        0,
        0,
        0,
        0,
        0,
        0,
        0
      ]
    },
    {
      "command": "deno",
      "mean": 0.25013947234,
      "stddev": 0.008897863977175022,
      "median": 0.24682606084000003,
      "user": 0.24522076499999998,
      "system": 0.008912970000000001,
      "min": 0.24320426884000002,
      "max": 0.26788435284,
      "times": [
        0.26788435284,
        0.26002872784000003,
        0.24671293584,
        0.24400497784,
        0.24320426884000002,
        0.24724556084,
        0.24693918584000002,
        0.24509576884
      ],
      "memory_usage_byte": [
        59326464,
        59523072,
        59523072,
        59523072,
        59523072,
        59523072,
        59523072,
        59523072
      ],
      "exit_codes": [
        0,
        0,
        0,
        0,
        0,
        0,
        0,
        0
      ]
    }
  ]
}
