{
  "results": [
    {
      "command": "volentscript",
      "mean": 1.72206641378,
      "stddev": 0.024254468758800593,
      "median": 1.71556444528,
      "user": 1.7081482749999999,
      "system": 0.00585264,
      "min": 1.69596942378,
      "max": 1.7617038407799999,
      "times": [
        1.7260010907799999,
        1.69596942378,
        1.69687896578,
        1.71139121578,
        1.7617038407799999,
        1.75345788278,
        1.71156746578,
        1.71956142478
      ],
      "memory_usage_byte": [
        6488064,
        6488064,
        6488064,
        6488064,
        6488064,
        6488064,
        6488064,
        6488064
      ],
      "exit_codes": [
        0,
        0,
        0,
        0,
        0,
        0,
        0,
        0
      ]
    },
    {
      "command": "c",
      "mean": 0.18011528878000002,
      "stddev": 0.006757218899008989,
      "median": 0.17852800728,
      "user": 0.17673427499999997,
      "system": 0.00126239,
      "min": 0.17528729978000002,
      "max": 0.19646600678,
      "times": [
        0.17528729978000002,
        0.17861859078,
        0.17877417378000002,
        0.19646600678,
        0.17843742378000002,
        0.17743029978,
        0.17628671578000002,
        0.17962179978
      ],
      "memory_usage_byte": [
        6488064,
        6488064,
        6488064,
        6488064,
        6488064,
        6488064,
        6488064,
        6488064
      ],
      "exit_codes": [
        0,
        0,
        0,
        0,
        0,
        0,
        0,
        0
      ]
    },
    {
      "command": "rust",
      "mean": 0.18204416378000002,
      "stddev": 0.0017624157799064168,
      "median": 0.18228342428,
      "user": 0.18067689999999997,
      "system": 0.0005973900000000002,
      "min": 0.17880942378,
      "max": 0.18447204978,
      "times": [
        0.18330271578000001,
        0.17880942378,
        0.18447204978,
        0.18026863178000002,
        0.18275050778000002,
        0.18219567478,
        0.18218313278,
        0.18237117378
      ],
      "memory_usage_byte": [
        6488064,
        6488064,
        6488064,
        6488064,
        6488064,
        6488064,
        6488064,
        6488064
      ],
      "exit_codes": [
        0,
        0,
        0,
        0,
        0,
        0,
        0,
        0
      ]
    },
    {
      "command": "go",
      "mean": 0.17300998102999998,
      "stddev": 0.010870129874717992,
      "median": 0.16783371528000002,
      "user": 0.16908215,
      "system": 0.0014942649999999998,
      "min": 0.16658388278,
      "max": 0.19658238178,
      "times": [
        0.16658388278,
        0.16660629878,
        0.16734725678,
        0.19658238178,
        0.16832017378,
        0.16709021578,
        0.16926463178,
        0.18228500678
      ],
      "memory_usage_byte": [
        6488064,
        6488064,
        6488064,
        6488064,
        6488064,
        6488064,
        6488064,
        6488064
      ],
      "exit_codes": [
        0,
        0,
        0,
        0,
        0,
        0,
        0,
        0
      ]
    },
    {
      "command": "java",
      "mean": 0.22342253340500004,
      "stddev": 0.0013340093643436533,
      "median": 0.22299613228,
      "user": 0.22786452499999998,
      "system": 0.009739514999999999,
      "min": 0.22191184078,
      "max": 0.22576554878000002,
      "times": [
        0.22261604878000002,
        0.22340071578,
        0.22286609078,
        0.22512688278,
        0.22256696578000001,
        0.22312617378000002,
        0.22191184078,
        0.22576554878000002
      ],
      "memory_usage_byte": [
        46923776,
        46923776,
        46923776,
        46923776,
        46923776,
        46923776,
        46923776,
        46923776
      ],
      "exit_codes": [
        0,
        0,
        0,
        0,
        0,
        0,
        0,
        0
      ]
    },
    {
      "command": "node",
      "mean": 0.24292977815500003,
      "stddev": 0.0009950424130637315,
      "median": 0.24271063228,
      "user": 0.24075765,
      "system": 0.00440739,
      "min": 0.24145884078000002,
      "max": 0.24453346578000001,
      "times": [
        0.24352904878,
        0.24227825778,
        0.24384842378000002,
        0.24299096578,
        0.24236892378000002,
        0.24145884078000002,
        0.24453346578000001,
        0.24243029878000003
      ],
      "memory_usage_byte": [
        53952512,
        53952512,
        53952512,
        53952512,
        53952512,
        53952512,
        53952512,
        53952512
      ],
      "exit_codes": [
        0,
        0,
        0,
        0,
        0,
        0,
        0,
        0
      ]
    },
    {
      "command": "bun",
      "mean": 0.26623523128000004,
      "stddev": 0.007322606140846701,
      "median": 0.26350129928000005,
      "user": 0.26577865,
      "system": 0.004210515,
      "min": 0.25888550778,
      "max": 0.27871625678000006,
      "times": [
        0.26441129978000005,
        0.26511417378,
        0.26259129878000004,
        0.26189321578,
        0.27871625678000006,
        0.25888550778,
        0.27661892378,
        0.26165117378
      ],
      "memory_usage_byte": [
        53952512,
        53952512,
        53952512,
        53952512,
        53952512,
        53952512,
        53952512,
        53952512
      ],
      "exit_codes": [
        0,
        0,
        0,
        0,
        0,
        0,
        0,
        0
      ]
    },
    {
      "command": "deno",
      "mean": 0.23978540315500002,
      "stddev": 0.0027615606185565776,
      "median": 0.23911590278,
      "user": 0.23637552499999998,
      "system": 0.006647889999999999,
      "min": 0.23704717478,
      "max": 0.24493067378000002,
      "times": [
        0.23873704878000002,
        0.23741567378,
        0.23704717478,
        0.24493067378000002,
        0.24265942378000002,
        0.24024754878000001,
        0.23775092478,
        0.23949475678
      ],
      "memory_usage_byte": [
        59490304,
        59490304,
        59490304,
        59490304,
        59490304,
        59490304,
        59490304,
        59490304
      ],
      "exit_codes": [
        0,
        0,
        0,
        0,
        0,
        0,
        0,
        0
      ]
    }
  ]
}
