{
  "results": [
    {
      "command": "volentscript",
      "mean": 1.670932524375,
      "stddev": 0.009560649271304828,
      "median": 1.6702535765,
      "user": 1.6658814149999999,
      "system": 0.0038841,
      "min": 1.6549039315,
      "max": 1.6863155555,
      "times": [
        1.6659313885,
        1.6676292225,
        1.6549039315,
        1.6655464725,
        1.6764925135000002,
        1.6863155555,
        1.6728779305,
        1.6777631805000002
      ],
      "memory_usage_byte": [
        6406144,
        6406144,
        6406144,
        6406144,
        6406144,
        6406144,
        6406144,
        6406144
      ],
      "exit_codes": [
        0,
        0,
        0,
        0,
        0,
        0,
        0,
        0
      ]
    },
    {
      "command": "c",
      "mean": 0.17241075362500002,
      "stddev": 0.0010111022633603481,
      "median": 0.17232488950000002,
      "user": 0.171305415,
      "system": 0.0005939750000000002,
      "min": 0.1707482635,
      "max": 0.17374122250000001,
      "times": [
        0.1722598895,
        0.17374122250000001,
        0.1707482635,
        0.1723898895,
        0.1714985555,
        0.17311138850000002,
        0.17205418050000001,
        0.1734826395
      ],
      "memory_usage_byte": [
        6406144,
        6406144,
        6406144,
        6406144,
        6406144,
        6406144,
        6406144,
        6406144
      ],
      "exit_codes": [
        0,
        0,
        0,
        0,
        0,
        0,
        0,
        0
      ]
    },
    {
      "command": "rust",
      "mean": 0.18025484750000004,
      "stddev": 0.002970279201639229,
      "median": 0.17948795150000002,
      "user": 0.17829904000000002,
      "system": 0.0009917250000000002,
      "min": 0.1755557225,
      "max": 0.1854410975,
      "times": [
        0.17904105650000002,
        0.17951205550000002,
        0.1755557225,
        0.17877259750000002,
        0.1854410975,
        0.18280709750000002,
        0.1794638475,
        0.18144530550000001
      ],
      "memory_usage_byte": [
        6406144,
        6406144,
        6406144,
        6406144,
        6406144,
        6406144,
        6406144,
        6406144
      ],
      "exit_codes": [
        0,
        0,
        0,
        0,
        0,
        0,
        0,
        0
      ]
    },
    {
      "command": "go",
      "mean": 0.16639764424999998,
      "stddev": 0.0005768079773464503,
      "median": 0.1665155975,
      "user": 0.16460879,
      "system": 0.0009961,
      "min": 0.1656089305,
      "max": 0.1671738895,
      "times": [
        0.16642276450000001,
        0.1659204725,
        0.16660843050000002,
        0.1671738895,
        0.1666551805,
        0.16701430550000002,
        0.1657771805,
        0.1656089305
      ],
      "memory_usage_byte": [
        6406144,
        6406144,
        6406144,
        6406144,
        6406144,
        6406144,
        6406144,
        6406144
      ],
      "exit_codes": [
        0,
        0,
        0,
        0,
        0,
        0,
        0,
        0
      ]
    },
    {
      "command": "java",
      "mean": 0.22213598275000002,
      "stddev": 0.0004900791725832961,
      "median": 0.22206449350000002,
      "user": 0.22665491499999998,
      "system": 0.009071225,
      "min": 0.2214607225,
      "max": 0.2227591385,
      "times": [
        0.2222736395,
        0.2217728055,
        0.2227591385,
        0.2225852225,
        0.22174351350000002,
        0.22263747250000002,
        0.2214607225,
        0.22185534750000002
      ],
      "memory_usage_byte": [
        46956544,
        46956544,
        46956544,
        46956544,
        46956544,
        46956544,
        46956544,
        46956544
      ],
      "exit_codes": [
        0,
        0,
        0,
        0,
        0,
        0,
        0,
        0
      ]
    },
    {
      "command": "node",
      "mean": 0.2425010245,
      "stddev": 0.0017386520536130468,
      "median": 0.24199307650000002,
      "user": 0.23974179,
      "system": 0.004291349999999999,
      "min": 0.24111113950000002,
      "max": 0.24656822250000002,
      "times": [
        0.2419587225,
        0.2420836805,
        0.24111113950000002,
        0.24192988950000002,
        0.2420274305,
        0.24656822250000002,
        0.2413156385,
        0.24301347250000002
      ],
      "memory_usage_byte": [
        54427648,
        54427648,
        54427648,
        54427648,
        54427648,
        54427648,
        54427648,
        54427648
      ],
      "exit_codes": [
        0,
        0,
        0,
        0,
        0,
        0,
        0,
        0
      ]
    },
    {
      "command": "bun",
      "mean": 0.25948497775,
      "stddev": 0.00046415527295407265,
      "median": 0.25952555600000005,
      "user": 0.26059116499999996,
      "system": 0.00354685,
      "min": 0.2587490975,
      "max": 0.26023826450000004,
      "times": [
        0.2587490975,
        0.2594105135,
        0.2589805975,
        0.2597331395,
        0.26023826450000004,
        0.2597170975,
        0.2596265975,
        0.25942451450000004
      ],
      "memory_usage_byte": [
        54427648,
        54427648,
        54427648,
        54427648,
        54427648,
        54427648,
        54427648,
        54427648
      ],
      "exit_codes": [
        0,
        0,
        0,
        0,
        0,
        0,
        0,
        0
      ]
    },
    {
      "command": "deno",
      "mean": 0.23792048825,
      "stddev": 0.0018688382329524363,
      "median": 0.23715755600000002,
      "user": 0.235243665,
      "system": 0.0058586,
      "min": 0.2363847225,
      "max": 0.2410083895,
      "times": [
        0.2363847225,
        0.2377042225,
        0.2368094305,
        0.23712034750000002,
        0.2410083895,
        0.23719476450000002,
        0.2407227225,
        0.2364193065
      ],
      "memory_usage_byte": [
        59326464,
        59326464,
        59326464,
        59326464,
        59326464,
        59326464,
        59326464,
        59326464
      ],
      "exit_codes": [
        0,
        0,
        0,
        0,
        0,
        0,
        0,
        0
      ]
    }
  ]
}
