{
  "results": [
    {
      "command": "volentscript",
      "mean": 1.719837556355,
      "stddev": 0.007713147273487785,
      "median": 1.71907464448,
      "user": 1.71391288,
      "system": 0.0038030499999999997,
      "min": 1.70775016548,
      "max": 1.7342232074800001,
      "times": [
        1.7168077074800001,
        1.7189511234800001,
        1.70775016548,
        1.7161520414800002,
        1.72610899948,
        1.7191981654800002,
        1.71950904048,
        1.7342232074800001
      ],
      "memory_usage_byte": [
        6422528,
        6422528,
        6422528,
        6422528,
        6422528,
        6422528,
        6422528,
        6422528
      ],
      "exit_codes": [
        0,
        0,
        0,
        0,
        0,
        0,
        0,
        0
      ]
    },
    {
      "command": "c",
      "mean": 0.196994546105,
      "stddev": 0.00912006341364003,
      "median": 0.19472583248000003,
      "user": 0.18742837999999998,
      "system": 0.0033719250000000004,
      "min": 0.18483408248,
      "max": 0.21472787448,
      "times": [
        0.19249512348,
        0.19274991548,
        0.20365008248000002,
        0.19670174948000002,
        0.19138974948,
        0.19940779148,
        0.21472787448,
        0.18483408248
      ],
      "memory_usage_byte": [
        6422528,
        6422528,
        6422528,
        6422528,
        6422528,
        6422528,
        6422528,
        6422528
      ],
      "exit_codes": [
        0,
        0,
        0,
        0,
        0,
        0,
        0,
        0
      ]
    },
    {
      "command": "rust",
      "mean": 0.18859135335500002,
      "stddev": 0.002321791654737808,
      "median": 0.18747041548,
      "user": 0.185839255,
      "system": 0.00135755,
      "min": 0.18677066648,
      "max": 0.19312187448,
      "times": [
        0.18677066648,
        0.19312187448,
        0.18982299948,
        0.18737870748000002,
        0.18756212348,
        0.18682074948000002,
        0.18679516548,
        0.19045854048000002
      ],
      "memory_usage_byte": [
        6422528,
        6422528,
        6422528,
        6422528,
        6422528,
        6422528,
        6422528,
        6422528
      ],
      "exit_codes": [
        0,
        0,
        0,
        0,
        0,
        0,
        0,
        0
      ]
    },
    {
      "command": "go",
      "mean": 0.18117638973,
      "stddev": 0.011175565649718005,
      "median": 0.17412241548000001,
      "user": 0.174459255,
      "system": 0.0028638,
      "min": 0.17243766548,
      "max": 0.19812412448,
      "times": [
        0.19812412448,
        0.17273933248,
        0.17282079048,
        0.17243766548,
        0.17268495748,
        0.17542404048000002,
        0.19399049948000002,
        0.19118970748
      ],
      "memory_usage_byte": [
        6422528,
        6422528,
        6422528,
        6422528,
        6422528,
        6422528,
        6422528,
        6422528
      ],
      "exit_codes": [
        0,
        0,
        0,
        0,
        0,
        0,
        0,
        0
      ]
    },
    {
      "command": "java",
      "mean": 0.48044790535500015,
      "stddev": 0.16029220455993276,
      "median": 0.5000721449800001,
      "user": 0.32726187999999995,
      "system": 0.031123924999999997,
      "min": 0.26220891648000005,
      "max": 0.6719807484800001,
      "times": [
        0.42968345748000003,
        0.65036658248,
        0.58908291548,
        0.57046083248,
        0.6719807484800001,
        0.30473099948000004,
        0.36506879048000007,
        0.26220891648000005
      ],
      "memory_usage_byte": [
        47071232,
        47071232,
        47071232,
        47185920,
        47185920,
        47185920,
        47218688,
        47218688
      ],
      "exit_codes": [
        0,
        0,
        0,
        0,
        0,
        0,
        0,
        0
      ]
    },
    {
      "command": "node",
      "mean": 0.2854045042300001,
      "stddev": 0.02203876336093786,
      "median": 0.28003870748000004,
      "user": 0.27090688,
      "system": 0.009673425,
      "min": 0.25812654048000006,
      "max": 0.32173566648000007,
      "times": [
        0.26717579048000006,
        0.27557945748000007,
        0.29771258248000004,
        0.28449795748000006,
        0.27015266548000005,
        0.25812654048000006,
        0.32173566648000007,
        0.30825537348000004
      ],
      "memory_usage_byte": [
        54476800,
        54476800,
        54476800,
        54476800,
        54476800,
        54476800,
        54476800,
        54476800
      ],
      "exit_codes": [
        0,
        0,
        0,
        0,
        0,
        0,
        0,
        0
      ]
    },
    {
      "command": "bun",
      "mean": 0.39960290023000006,
      "stddev": 0.060092908184507285,
      "median": 0.41830545748000003,
      "user": 0.34914163,
      "system": 0.015036925,
      "min": 0.27598508248000003,
      "max": 0.4515658744800001,
      "times": [
        0.27598508248000003,
        0.39453479048000006,
        0.4148587904800001,
        0.43690108248000004,
        0.3498467074800001,
        0.45137874948000006,
        0.42175212448000005,
        0.4515658744800001
      ],
      "memory_usage_byte": [
        54476800,
        54476800,
        54476800,
        54476800,
        54476800,
        54476800,
        54476800,
        54476800
      ],
      "exit_codes": [
        0,
        0,
        0,
        0,
        0,
        0,
        0,
        0
      ]
    },
    {
      "command": "deno",
      "mean": 0.30176282735500004,
      "stddev": 0.03255713827649459,
      "median": 0.30264464498000004,
      "user": 0.27753463,
      "system": 0.013028674999999998,
      "min": 0.24731349848000003,
      "max": 0.36273724948,
      "times": [
        0.24731349848000003,
        0.31379395748000005,
        0.29447974948000005,
        0.30835620748000003,
        0.29693308248000005,
        0.28132337448000005,
        0.36273724948,
        0.30916549948000005
      ],
      "memory_usage_byte": [
        59359232,
        59359232,
        59424768,
        59424768,
        59424768,
        59424768,
        59424768,
        59424768
      ],
      "exit_codes": [
        0,
        0,
        0,
        0,
        0,
        0,
        0,
        0
      ]
    }
  ]
}
