{
  "results": [
    {
      "command": "volentscript",
      "mean": 0.483465484405,
      "stddev": 0.0016023358391153682,
      "median": 0.48341118228,
      "user": 0.47991838499999995,
      "system": 0.0028133699999999995,
      "min": 0.48137628628,
      "max": 0.48604616128,
      "times": [
        0.48137628628,
        0.48377449528,
        0.48156945328,
        0.48294678628000004,
        0.48349532828,
        0.48518832828,
        0.48604616128,
        0.48332703628
      ],
      "memory_usage_byte": [
        6455296,
        6455296,
        6455296,
        6455296,
        6455296,
        6455296,
        6455296,
        6455296
      ],
      "exit_codes": [
        0,
        0,
        0,
        0,
        0,
        0,
        0,
        0
      ]
    },
    {
      "command": "c",
      "mean": 0.17017751553,
      "stddev": 0.0010998929657107252,
      "median": 0.16984472377999998,
      "user": 0.16913576000000002,
      "system": 0.0005332449999999998,
      "min": 0.16925095328,
      "max": 0.17268103628,
      "times": [
        0.16929336928,
        0.16970353627999998,
        0.16987216128,
        0.17032012028,
        0.16981728628,
        0.16925095328,
        0.17048166128,
        0.17268103628
      ],
      "memory_usage_byte": [
        6455296,
        6455296,
        6455296,
        6455296,
        6455296,
        6455296,
        6455296,
        6455296
      ],
      "exit_codes": [
        0,
        0,
        0,
        0,
        0,
        0,
        0,
        0
      ]
    },
    {
      "command": "rust",
      "mean": 0.17785173977999996,
      "stddev": 0.0023865684493921996,
      "median": 0.17817422428,
      "user": 0.17658026,
      "system": 0.0008084949999999998,
      "min": 0.17433449528,
      "max": 0.18046049528,
      "times": [
        0.17767016128,
        0.17858320328,
        0.17440612028,
        0.17776524527999998,
        0.17921541128,
        0.18037878628,
        0.18046049528,
        0.17433449528
      ],
      "memory_usage_byte": [
        6455296,
        6455296,
        6455296,
        6455296,
        6455296,
        6455296,
        6455296,
        6455296
      ],
      "exit_codes": [
        0,
        0,
        0,
        0,
        0,
        0,
        0,
        0
      ]
    },
    {
      "command": "go",
      "mean": 0.16594848453,
      "stddev": 0.0010965588412052308,
      "median": 0.16550870328,
      "user": 0.164327885,
      "system": 0.001129745,
      "min": 0.16503949428,
      "max": 0.16831107828,
      "times": [
        0.16517228628,
        0.16547132828,
        0.16554607828,
        0.16581170328,
        0.16503949428,
        0.16831107828,
        0.16680378728,
        0.16543212027999998
      ],
      "memory_usage_byte": [
        6455296,
        6455296,
        6455296,
        6455296,
        6455296,
        6455296,
        6455296,
        6455296
      ],
      "exit_codes": [
        0,
        0,
        0,
        0,
        0,
        0,
        0,
        0
      ]
    },
    {
      "command": "java",
      "mean": 0.22181003152999998,
      "stddev": 0.0008253433446919865,
      "median": 0.22190255778,
      "user": 0.22676063500000002,
      "system": 0.009638869999999999,
      "min": 0.22035891228,
      "max": 0.22317720328,
      "times": [
        0.22035891228,
        0.22196062028,
        0.22317720328,
        0.22222995328,
        0.22215803628,
        0.22184449528,
        0.22159291128,
        0.22115812028
      ],
      "memory_usage_byte": [
        46874624,
        46907392,
        46956544,
        46956544,
        46956544,
        46956544,
        46956544,
        46956544
      ],
      "exit_codes": [
        0,
        0,
        0,
        0,
        0,
        0,
        0,
        0
      ]
    },
    {
      "command": "node",
      "mean": 0.24213834903,
      "stddev": 0.0022555075669778843,
      "median": 0.24138814078,
      "user": 0.23994075999999998,
      "system": 0.00465562,
      "min": 0.23987853628,
      "max": 0.24684532828,
      "times": [
        0.23987853628,
        0.24059132828,
        0.24130195328,
        0.24147432828,
        0.24406416128,
        0.24181303628,
        0.24684532828,
        0.24113812028
      ],
      "memory_usage_byte": [
        53919744,
        53919744,
        53952512,
        54034432,
        54034432,
        54067200,
        54067200,
        54067200
      ],
      "exit_codes": [
        0,
        0,
        0,
        0,
        0,
        0,
        0,
        0
      ]
    },
    {
      "command": "bun",
      "mean": 0.25882672928,
      "stddev": 0.0009720644281607287,
      "median": 0.25865032828,
      "user": 0.26051463500000005,
      "system": 0.0037229949999999998,
      "min": 0.25818670328,
      "max": 0.26117403628,
      "times": [
        0.25834066228,
        0.25866103628,
        0.26117403628,
        0.25872228628,
        0.25865699528,
        0.25818670328,
        0.25822845328,
        0.25864366128
      ],
      "memory_usage_byte": [
        54067200,
        54067200,
        54067200,
        54067200,
        54067200,
        54067200,
        54067200,
        54067200
      ],
      "exit_codes": [
        0,
        0,
        0,
        0,
        0,
        0,
        0,
        0
      ]
    },
    {
      "command": "deno",
      "mean": 0.236108838655,
      "stddev": 0.001454001424329619,
      "median": 0.23583793278,
      "user": 0.233927885,
      "system": 0.005832369999999999,
      "min": 0.23487778628,
      "max": 0.23945249528,
      "times": [
        0.23596303728,
        0.23571282828,
        0.23630982828,
        0.23945249528,
        0.23487778628,
        0.23488116128,
        0.23617561928,
        0.23549795328
      ],
      "memory_usage_byte": [
        59195392,
        59195392,
        59195392,
        59195392,
        59195392,
        59195392,
        59195392,
        59195392
      ],
      "exit_codes": [
        0,
        0,
        0,
        0,
        0,
        0,
        0,
        0
      ]
    }
  ]
}
