{
  "results": [
    {
      "command": "volentscript",
      "mean": 1.76156664734,
      "stddev": 0.01810169379639872,
      "median": 1.75484513074,
      "user": 1.74286872,
      "system": 0.00836686,
      "min": 1.74152029774,
      "max": 1.78739425574,
      "times": [
        1.78739425574,
        1.77193988074,
        1.75484513074,
        1.74152029774,
        1.75213367174
      ],
      "memory_usage_byte": [
        6406144,
        6406144,
        6406144,
        6406144,
        6406144
      ],
      "exit_codes": [
        0,
        0,
        0,
        0,
        0
      ]
    },
    {
      "command": "c",
      "mean": 0.18424254754000002,
      "stddev": 0.007674202282463415,
      "median": 0.18083575574000002,
      "user": 0.18018972,
      "system": 0.0018062599999999999,
      "min": 0.17985642274000002,
      "max": 0.19791425574000002,
      "times": [
        0.17985642274000002,
        0.18083575574000002,
        0.18181963074000002,
        0.19791425574000002,
        0.18078667274000002
      ],
      "memory_usage_byte": [
        6406144,
        6406144,
        6406144,
        6406144,
        6406144
      ],
      "exit_codes": [
        0,
        0,
        0,
        0,
        0
      ]
    },
    {
      "command": "rust",
      "mean": 0.18701697234000003,
      "stddev": 0.001973037514410785,
      "median": 0.18700400574000003,
      "user": 0.18391932000000003,
      "system": 0.00181026,
      "min": 0.18478033874000002,
      "max": 0.18908363074,
      "times": [
        0.18700400574000003,
        0.18478033874000002,
        0.18533629774000002,
        0.18908363074,
        0.18888058874000002
      ],
      "memory_usage_byte": [
        6406144,
        6406144,
        6406144,
        6406144,
        6406144
      ],
      "exit_codes": [
        0,
        0,
        0,
        0,
        0
      ]
    },
    {
      "command": "go",
      "mean": 0.16913454734000002,
      "stddev": 0.0011371728870623878,
      "median": 0.16967854674000002,
      "user": 0.16664232,
      "system": 0.0017514599999999998,
      "min": 0.16752463074,
      "max": 0.17030779674000002,
      "times": [
        0.17030779674000002,
        0.16967854674000002,
        0.16975267274000003,
        0.16752463074,
        0.16840908974000002
      ],
      "memory_usage_byte": [
        6406144,
        6406144,
        6406144,
        6406144,
        6406144
      ],
      "exit_codes": [
        0,
        0,
        0,
        0,
        0
      ]
    },
    {
      "command": "java",
      "mean": 0.23055128934,
      "stddev": 0.0063321757679824274,
      "median": 0.22851313074000001,
      "user": 0.23347031999999998,
      "system": 0.010900459999999997,
      "min": 0.22452546474,
      "max": 0.23907783874000002,
      "times": [
        0.22452546474,
        0.23907783874000002,
        0.22546654774000002,
        0.22851313074000001,
        0.23517346474000003
      ],
      "memory_usage_byte": [
        46891008,
        46891008,
        46923776,
        46923776,
        46923776
      ],
      "exit_codes": [
        0,
        0,
        0,
        0,
        0
      ]
    },
    {
      "command": "node",
      "mean": 0.24932954714000002,
      "stddev": 0.006546353866597438,
      "median": 0.24686196374000002,
      "user": 0.24425212,
      "system": 0.005933859999999999,
      "min": 0.24523900574000002,
      "max": 0.26094833874,
      "times": [
        0.24743008874000003,
        0.24523900574000002,
        0.24616833874000002,
        0.24686196374000002,
        0.26094833874
      ],
      "memory_usage_byte": [
        54493184,
        54493184,
        54493184,
        54493184,
        54493184
      ],
      "exit_codes": [
        0,
        0,
        0,
        0,
        0
      ]
    },
    {
      "command": "bun",
      "mean": 0.26838110574,
      "stddev": 0.003144786346146577,
      "median": 0.26780304774,
      "user": 0.26662372,
      "system": 0.00652726,
      "min": 0.26425221374,
      "max": 0.27279667174,
      "times": [
        0.27279667174,
        0.26967508974,
        0.26780304774,
        0.26425221374,
        0.26737850574
      ],
      "memory_usage_byte": [
        54493184,
        54493184,
        54493184,
        54493184,
        54493184
      ],
      "exit_codes": [
        0,
        0,
        0,
        0,
        0
      ]
    },
    {
      "command": "deno",
      "mean": 0.24327278914000003,
      "stddev": 0.002450611030798706,
      "median": 0.24485817274000002,
      "user": 0.23816332,
      "system": 0.00823806,
      "min": 0.24055408874000003,
      "max": 0.24531954774000003,
      "times": [
        0.24063538074000002,
        0.24499675574000002,
        0.24531954774000003,
        0.24055408874000003,
        0.24485817274000002
      ],
      "memory_usage_byte": [
        59473920,
        59473920,
        59473920,
        59473920,
        59473920
      ],
      "exit_codes": [
        0,
        0,
        0,
        0,
        0
      ]
    }
  ]
}
