{
  "results": [
    {
      "command": "volentscript",
      "mean": 0.25158413032500004,
      "stddev": 0.000989010639362389,
      "median": 0.2516353697,
      "user": 0.249183315,
      "system": 0.0015227950000000002,
      "min": 0.2503489527,
      "max": 0.25333149470000005,
      "times": [
        0.2503895787,
        0.2517759527,
        0.25149478670000003,
        0.2523315367,
        0.2503489527,
        0.25116595370000006,
        0.25333149470000005,
        0.25183478670000004
      ],
      "memory_usage_byte": [
        6635520,
        6635520,
        6635520,
        6635520,
        6635520,
        6635520,
        6635520,
        6635520
      ],
      "exit_codes": [
        0,
        0,
        0,
        0,
        0,
        0,
        0,
        0
      ]
    },
    {
      "command": "c",
      "mean": 0.1856857347,
      "stddev": 0.0010270334270581726,
      "median": 0.18558405770000003,
      "user": 0.18386406499999997,
      "system": 0.0009559199999999996,
      "min": 0.18422974570000003,
      "max": 0.18765324470000003,
      "times": [
        0.18574403670000003,
        0.18570053670000003,
        0.18546757870000002,
        0.18486274570000003,
        0.18422974570000003,
        0.18765324470000003,
        0.18538491170000002,
        0.18644307770000002
      ],
      "memory_usage_byte": [
        6635520,
        6635520,
        6635520,
        6635520,
        6635520,
        6635520,
        6635520,
        6635520
      ],
      "exit_codes": [
        0,
        0,
        0,
        0,
        0,
        0,
        0,
        0
      ]
    },
    {
      "command": "rust",
      "mean": 0.15583979707500004,
      "stddev": 0.002593049781851257,
      "median": 0.15524805770000003,
      "user": 0.15384968999999998,
      "system": 0.0010161699999999998,
      "min": 0.1532651617,
      "max": 0.16119370370000002,
      "times": [
        0.15347966170000002,
        0.15434007770000002,
        0.15488928670000002,
        0.1532651617,
        0.15743774470000002,
        0.16119370370000002,
        0.15560682870000003,
        0.15650591170000003
      ],
      "memory_usage_byte": [
        6635520,
        6635520,
        6635520,
        6635520,
        6635520,
        6635520,
        6635520,
        6635520
      ],
      "exit_codes": [
        0,
        0,
        0,
        0,
        0,
        0,
        0,
        0
      ]
    },
    {
      "command": "go",
      "mean": 0.247422432825,
      "stddev": 0.002122288366539318,
      "median": 0.24732241170000002,
      "user": 0.24458293999999997,
      "system": 0.0018857949999999998,
      "min": 0.24480253670000002,
      "max": 0.2515919957,
      "times": [
        0.2515919957,
        0.24480253670000002,
        0.24736778670000004,
        0.24623157870000004,
        0.2472770367,
        0.24547412070000002,
        0.24784803670000005,
        0.24878637070000004
      ],
      "memory_usage_byte": [
        6635520,
        6635520,
        6635520,
        6635520,
        6635520,
        6635520,
        6635520,
        6635520
      ],
      "exit_codes": [
        0,
        0,
        0,
        0,
        0,
        0,
        0,
        0
      ]
    },
    {
      "command": "java",
      "mean": 0.18924087495,
      "stddev": 0.0030195294604888727,
      "median": 0.18843703620000002,
      "user": 0.19850631500000002,
      "system": 0.00970067,
      "min": 0.18622399470000003,
      "max": 0.19584386970000003,
      "times": [
        0.18658361970000004,
        0.18847782770000002,
        0.18987186970000003,
        0.1881771617,
        0.18839624470000002,
        0.18622399470000003,
        0.19035241170000003,
        0.19584386970000003
      ],
      "memory_usage_byte": [
        46120960,
        46120960,
        46120960,
        46120960,
        46120960,
        46120960,
        46120960,
        46120960
      ],
      "exit_codes": [
        0,
        0,
        0,
        0,
        0,
        0,
        0,
        0
      ]
    },
    {
      "command": "node",
      "mean": 0.3340695627,
      "stddev": 0.0007456441187542883,
      "median": 0.33377264120000005,
      "user": 0.33109044000000004,
      "system": 0.004982169999999999,
      "min": 0.3331574527,
      "max": 0.3353564947,
      "times": [
        0.3337324957,
        0.33498653670000006,
        0.3336152867,
        0.33421912070000004,
        0.33367632770000005,
        0.3353564947,
        0.33381278670000003,
        0.3331574527
      ],
      "memory_usage_byte": [
        54067200,
        54067200,
        54067200,
        54067200,
        54067200,
        54067200,
        54067200,
        54067200
      ],
      "exit_codes": [
        0,
        0,
        0,
        0,
        0,
        0,
        0,
        0
      ]
    },
    {
      "command": "bun",
      "mean": 0.23777147445000005,
      "stddev": 0.001850892118609348,
      "median": 0.23790822470000003,
      "user": 0.23572743999999998,
      "system": 0.00483067,
      "min": 0.23501716170000003,
      "max": 0.24034782870000002,
      "times": [
        0.24034782870000002,
        0.23812612070000003,
        0.23679616170000004,
        0.23827441170000002,
        0.24000307870000004,
        0.23769032870000004,
        0.23591670370000004,
        0.23501716170000003
      ],
      "memory_usage_byte": [
        54067200,
        54067200,
        54067200,
        54067200,
        54067200,
        54067200,
        54067200,
        54067200
      ],
      "exit_codes": [
        0,
        0,
        0,
        0,
        0,
        0,
        0,
        0
      ]
    },
    {
      "command": "deno",
      "mean": 0.33202409395,
      "stddev": 0.0013582735989970804,
      "median": 0.33177889120000004,
      "user": 0.32772169,
      "system": 0.007094295,
      "min": 0.3303432867,
      "max": 0.3348249117,
      "times": [
        0.3326027447,
        0.3314949957,
        0.33249041170000004,
        0.3348249117,
        0.33125324470000006,
        0.3303432867,
        0.33112036970000003,
        0.33206278670000006
      ],
      "memory_usage_byte": [
        59260928,
        59260928,
        59277312,
        59277312,
        59277312,
        59277312,
        59277312,
        59277312
      ],
      "exit_codes": [
        0,
        0,
        0,
        0,
        0,
        0,
        0,
        0
      ]
    }
  ]
}
