{
  "results": [
    {
      "command": "volentscript",
      "mean": 0.56756675443,
      "stddev": 0.0028973985750123,
      "median": 0.56666847318,
      "user": 0.563361625,
      "system": 0.0026296199999999996,
      "min": 0.56532766118,
      "max": 0.57448811918,
      "times": [
        0.57448811918,
        0.56678178518,
        0.5671796611800001,
        0.56532766118,
        0.56653928518,
        0.56585178518,
        0.56655516118,
        0.56781057718
      ],
      "memory_usage_byte": [
        6635520,
        6635520,
        6635520,
        6635520,
        6635520,
        6635520,
        6635520,
        6635520
      ],
      "exit_codes": [
        0,
        0,
        0,
        0,
        0,
        0,
        0,
        0
      ]
    },
    {
      "command": "c",
      "mean": 0.19207537430500005,
      "stddev": 0.0026707734062603097,
      "median": 0.19112599468000002,
      "user": 0.189977375,
      "system": 0.001159245,
      "min": 0.18930928518,
      "max": 0.19795970218000003,
      "times": [
        0.19058874418000002,
        0.19112353618000003,
        0.19266861918000003,
        0.19112845318000002,
        0.19064016018000002,
        0.18930928518,
        0.19318449418000003,
        0.19795970218000003
      ],
      "memory_usage_byte": [
        6635520,
        6635520,
        6635520,
        6635520,
        6635520,
        6635520,
        6635520,
        6635520
      ],
      "exit_codes": [
        0,
        0,
        0,
        0,
        0,
        0,
        0,
        0
      ]
    },
    {
      "command": "rust",
      "mean": 0.15798197343,
      "stddev": 0.0008870873156055271,
      "median": 0.15789849468,
      "user": 0.15604437499999999,
      "system": 0.00101612,
      "min": 0.15653870318000002,
      "max": 0.15924503618000002,
      "times": [
        0.15653870318000002,
        0.15782341118,
        0.15847999418000003,
        0.15924503618000002,
        0.15889541018000003,
        0.15717041018000003,
        0.15797357818000002,
        0.15772924418
      ],
      "memory_usage_byte": [
        6635520,
        6635520,
        6635520,
        6635520,
        6635520,
        6635520,
        6635520,
        6635520
      ],
      "exit_codes": [
        0,
        0,
        0,
        0,
        0,
        0,
        0,
        0
      ]
    },
    {
      "command": "go",
      "mean": 0.25278055693,
      "stddev": 0.0008300754671538979,
      "median": 0.25256964068,
      "user": 0.250180375,
      "system": 0.0017824949999999998,
      "min": 0.25200436918,
      "max": 0.25442995218,
      "times": [
        0.25200436918,
        0.25331249418,
        0.25314461918,
        0.25442995218,
        0.25237207818,
        0.25217745318,
        0.25276720318,
        0.25203628618
      ],
      "memory_usage_byte": [
        6635520,
        6635520,
        6635520,
        6635520,
        6635520,
        6635520,
        6635520,
        6635520
      ],
      "exit_codes": [
        0,
        0,
        0,
        0,
        0,
        0,
        0,
        0
      ]
    },
    {
      "command": "java",
      "mean": 0.193854879555,
      "stddev": 0.003222213459002542,
      "median": 0.19199057718,
      "user": 0.20292175,
      "system": 0.010686995,
      "min": 0.19103274418000002,
      "max": 0.19975895318000003,
      "times": [
        0.19207766018000003,
        0.19190349418000002,
        0.19626561918000002,
        0.19975895318000003,
        0.19653661918,
        0.19167470218000002,
        0.19158924418000003,
        0.19103274418000002
      ],
      "memory_usage_byte": [
        46137344,
        46137344,
        46137344,
        46137344,
        46137344,
        46137344,
        46137344,
        46137344
      ],
      "exit_codes": [
        0,
        0,
        0,
        0,
        0,
        0,
        0,
        0
      ]
    },
    {
      "command": "node",
      "mean": 0.33810829105499995,
      "stddev": 0.0023412049641832683,
      "median": 0.33747599417999996,
      "user": 0.33420062500000003,
      "system": 0.005622619999999999,
      "min": 0.33597136918,
      "max": 0.34207166118,
      "times": [
        0.33827820318,
        0.33810395218,
        0.33684803618,
        0.33597136918,
        0.33603807718,
        0.33640103518000003,
        0.34115399418,
        0.34207166118
      ],
      "memory_usage_byte": [
        54165504,
        54165504,
        54165504,
        54165504,
        54165504,
        54165504,
        54165504,
        54165504
      ],
      "exit_codes": [
        0,
        0,
        0,
        0,
        0,
        0,
        0,
        0
      ]
    },
    {
      "command": "bun",
      "mean": 0.23717292118,
      "stddev": 0.001350204869427493,
      "median": 0.23647897318000002,
      "user": 0.23546812499999997,
      "system": 0.00449887,
      "min": 0.23593916118000002,
      "max": 0.23985807718000002,
      "times": [
        0.23630307718000002,
        0.23794399418000003,
        0.23985807718000002,
        0.23644891018000003,
        0.23650903618000002,
        0.23626524418000003,
        0.23811586918000002,
        0.23593916118000002
      ],
      "memory_usage_byte": [
        54165504,
        54165504,
        54165504,
        54165504,
        54165504,
        54165504,
        54165504,
        54165504
      ],
      "exit_codes": [
        0,
        0,
        0,
        0,
        0,
        0,
        0,
        0
      ]
    },
    {
      "command": "deno",
      "mean": 0.33523383805499996,
      "stddev": 0.0041532033999687685,
      "median": 0.33364941118,
      "user": 0.329979625,
      "system": 0.007492369999999999,
      "min": 0.33240995318,
      "max": 0.34485245318,
      "times": [
        0.34485245318,
        0.33700611918,
        0.33240995318,
        0.33360928618,
        0.33368953618,
        0.33466836918,
        0.33260607718,
        0.33302891018
      ],
      "memory_usage_byte": [
        59277312,
        59277312,
        59277312,
        59277312,
        59277312,
        59277312,
        59277312,
        59277312
      ],
      "exit_codes": [
        0,
        0,
        0,
        0,
        0,
        0,
        0,
        0
      ]
    }
  ]
}
