{
  "results": [
    {
      "command": "volentscript",
      "mean": 0.24737098398500001,
      "stddev": 0.0026101994213726812,
      "median": 0.24668136436,
      "user": 0.24476550999999996,
      "system": 0.001619795,
      "min": 0.24517630136,
      "max": 0.25317255136,
      "times": [
        0.24729601035999998,
        0.25317255136,
        0.24587842735999998,
        0.24517630136,
        0.24533863536,
        0.24762538435999998,
        0.24841384336,
        0.24606671836
      ],
      "memory_usage_byte": [
        6619136,
        6619136,
        6619136,
        6619136,
        6619136,
        6619136,
        6619136,
        6619136
      ],
      "exit_codes": [
        0,
        0,
        0,
        0,
        0,
        0,
        0,
        0
      ]
    },
    {
      "command": "c",
      "mean": 0.18110926023499999,
      "stddev": 0.0013451897939407698,
      "median": 0.18063057236000002,
      "user": 0.17960163499999998,
      "system": 0.0009032949999999999,
      "min": 0.18001855136,
      "max": 0.18334592736,
      "times": [
        0.18053509336,
        0.18073451036,
        0.18001855136,
        0.18334592736,
        0.18028392735999998,
        0.18008780236,
        0.18314221836,
        0.18072605136
      ],
      "memory_usage_byte": [
        6619136,
        6619136,
        6619136,
        6619136,
        6619136,
        6619136,
        6619136,
        6619136
      ],
      "exit_codes": [
        0,
        0,
        0,
        0,
        0,
        0,
        0,
        0
      ]
    },
    {
      "command": "rust",
      "mean": 0.15009859335999998,
      "stddev": 0.0009612756737010584,
      "median": 0.15014963535999998,
      "user": 0.14873163499999997,
      "system": 0.0007502949999999998,
      "min": 0.14836601036,
      "max": 0.15159250936,
      "times": [
        0.15083934336,
        0.15018071836,
        0.14836601036,
        0.14930526036,
        0.15006746835999998,
        0.15031888436,
        0.15159250936,
        0.15011855236
      ],
      "memory_usage_byte": [
        6619136,
        6619136,
        6619136,
        6619136,
        6619136,
        6619136,
        6619136,
        6619136
      ],
      "exit_codes": [
        0,
        0,
        0,
        0,
        0,
        0,
        0,
        0
      ]
    },
    {
      "command": "go",
      "mean": 0.24051725486,
      "stddev": 0.0020828045573901446,
      "median": 0.24041075986,
      "user": 0.23858500999999996,
      "system": 0.0014609199999999997,
      "min": 0.23762817736,
      "max": 0.24318980136,
      "times": [
        0.24209184336,
        0.23995109336,
        0.23779442636,
        0.24026159336,
        0.24318980136,
        0.24055992636,
        0.24266117736,
        0.23762817736
      ],
      "memory_usage_byte": [
        6619136,
        6619136,
        6619136,
        6619136,
        6619136,
        6619136,
        6619136,
        6619136
      ],
      "exit_codes": [
        0,
        0,
        0,
        0,
        0,
        0,
        0,
        0
      ]
    },
    {
      "command": "java",
      "mean": 0.18508864536,
      "stddev": 0.001042656304865878,
      "median": 0.18493390636,
      "user": 0.19404976,
      "system": 0.010069545,
      "min": 0.18394892636,
      "max": 0.18711375936,
      "times": [
        0.18427634336,
        0.18394892636,
        0.18711375936,
        0.18520680236,
        0.18594834336,
        0.18431880136,
        0.18523517636,
        0.18466101036
      ],
      "memory_usage_byte": [
        46120960,
        46120960,
        46120960,
        46120960,
        46120960,
        46120960,
        46120960,
        46120960
      ],
      "exit_codes": [
        0,
        0,
        0,
        0,
        0,
        0,
        0,
        0
      ]
    },
    {
      "command": "node",
      "mean": 0.333118468235,
      "stddev": 0.0017475426940932591,
      "median": 0.33255823886,
      "user": 0.32990876,
      "system": 0.005530794999999999,
      "min": 0.33160426036,
      "max": 0.33673471836,
      "times": [
        0.33256375936,
        0.33166596836,
        0.33473484336000003,
        0.33252325936,
        0.33160426036,
        0.33255271836,
        0.33256821836,
        0.33673471836
      ],
      "memory_usage_byte": [
        53952512,
        53952512,
        53952512,
        54018048,
        54018048,
        54018048,
        54018048,
        54018048
      ],
      "exit_codes": [
        0,
        0,
        0,
        0,
        0,
        0,
        0,
        0
      ]
    },
    {
      "command": "bun",
      "mean": 0.23471945798500002,
      "stddev": 0.0015206771432360517,
      "median": 0.23442542636,
      "user": 0.23400925999999997,
      "system": 0.00384417,
      "min": 0.23267650936,
      "max": 0.23703755236000001,
      "times": [
        0.23458134336,
        0.23679738536,
        0.23426950936,
        0.23703755236000001,
        0.23359888536,
        0.23267650936,
        0.23496176036,
        0.23383271836
      ],
      "memory_usage_byte": [
        54018048,
        54018048,
        54018048,
        54018048,
        54018048,
        54018048,
        54018048,
        54018048
      ],
      "exit_codes": [
        0,
        0,
        0,
        0,
        0,
        0,
        0,
        0
      ]
    },
    {
      "command": "deno",
      "mean": 0.33652805148500003,
      "stddev": 0.012317547872656915,
      "median": 0.33103715536,
      "user": 0.328387385,
      "system": 0.007505044999999999,
      "min": 0.32830138436,
      "max": 0.35666526036,
      "times": [
        0.32865430236,
        0.32830138436,
        0.32841188436,
        0.33207680136,
        0.35666526036,
        0.35604046836000003,
        0.33076088436,
        0.33131342636
      ],
      "memory_usage_byte": [
        59293696,
        59293696,
        59293696,
        59293696,
        59293696,
        59293696,
        59293696,
        59293696
      ],
      "exit_codes": [
        0,
        0,
        0,
        0,
        0,
        0,
        0,
        0
      ]
    }
  ]
}
