{
  "results": [
    {
      "command": "volentscript",
      "mean": 0.26189216904,
      "stddev": 0.0076853125446160004,
      "median": 0.26028992404,
      "user": 0.258440985,
      "system": 0.0020966250000000004,
      "min": 0.25037979854000003,
      "max": 0.27261817454000004,
      "times": [
        0.25037979854000003,
        0.25550142454,
        0.26024284054,
        0.26002284054,
        0.26033700754,
        0.26347071654000004,
        0.27256454954000003,
        0.27261817454000004
      ],
      "memory_usage_byte": [
        6619136,
        6619136,
        6619136,
        6619136,
        6619136,
        6619136,
        6619136,
        6619136
      ],
      "exit_codes": [
        0,
        0,
        0,
        0,
        0,
        0,
        0,
        0
      ]
    },
    {
      "command": "c",
      "mean": 0.20171023666500001,
      "stddev": 0.01511465643390659,
      "median": 0.19540454904000001,
      "user": 0.198338235,
      "system": 0.0010618749999999999,
      "min": 0.19468671554,
      "max": 0.23834684154000002,
      "times": [
        0.20384913254,
        0.19521009054000002,
        0.19559900754,
        0.19478300754000002,
        0.19494950754,
        0.19468671554,
        0.19625759054000003,
        0.23834684154000002
      ],
      "memory_usage_byte": [
        6619136,
        6619136,
        6619136,
        6619136,
        6619136,
        6619136,
        6619136,
        6619136
      ],
      "exit_codes": [
        0,
        0,
        0,
        0,
        0,
        0,
        0,
        0
      ]
    },
    {
      "command": "rust",
      "mean": 0.16110088229,
      "stddev": 0.0009770547069236396,
      "median": 0.16090154954000002,
      "user": 0.15965286,
      "system": 0.0008718750000000004,
      "min": 0.16009421554,
      "max": 0.16303046554,
      "times": [
        0.16303046554,
        0.16047954854000002,
        0.16130088254000002,
        0.16184304854,
        0.16119759154000002,
        0.16009421554,
        0.16025579854000002,
        0.16060550754
      ],
      "memory_usage_byte": [
        6619136,
        6619136,
        6619136,
        6619136,
        6619136,
        6619136,
        6619136,
        6619136
      ],
      "exit_codes": [
        0,
        0,
        0,
        0,
        0,
        0,
        0,
        0
      ]
    },
    {
      "command": "go",
      "mean": 0.26866761154,
      "stddev": 0.009391763311367596,
      "median": 0.26344642404,
      "user": 0.26390736,
      "system": 0.002174625,
      "min": 0.26231709154,
      "max": 0.28742492354000004,
      "times": [
        0.28742492354000004,
        0.27821684054,
        0.26965446554,
        0.26391567354,
        0.26250617454,
        0.26297717454,
        0.26232854854000004,
        0.26231709154
      ],
      "memory_usage_byte": [
        6619136,
        6619136,
        6619136,
        6619136,
        6619136,
        6619136,
        6619136,
        6619136
      ],
      "exit_codes": [
        0,
        0,
        0,
        0,
        0,
        0,
        0,
        0
      ]
    },
    {
      "command": "java",
      "mean": 0.19716761179000003,
      "stddev": 0.0017798615710429948,
      "median": 0.19682198654,
      "user": 0.20599298500000002,
      "system": 0.0119665,
      "min": 0.19553346654,
      "max": 0.20095892454,
      "times": [
        0.19553346654,
        0.19748367454000001,
        0.19616029854,
        0.19584425754,
        0.19589921554,
        0.19762459054,
        0.19783646654,
        0.20095892454
      ],
      "memory_usage_byte": [
        46088192,
        46088192,
        46088192,
        46088192,
        46088192,
        46088192,
        46088192,
        46088192
      ],
      "exit_codes": [
        0,
        0,
        0,
        0,
        0,
        0,
        0,
        0
      ]
    },
    {
      "command": "node",
      "mean": 0.34772024204,
      "stddev": 0.022845202119844886,
      "median": 0.34605332004,
      "user": 0.34324561,
      "system": 0.0070792500000000005,
      "min": 0.30634642454,
      "max": 0.39042396554000003,
      "times": [
        0.34306779954,
        0.39042396554000003,
        0.35545071654000004,
        0.35096754954000003,
        0.34698600754000003,
        0.34512063254,
        0.34339884054,
        0.30634642454
      ],
      "memory_usage_byte": [
        54034432,
        54067200,
        54116352,
        54116352,
        54116352,
        54149120,
        54165504,
        54165504
      ],
      "exit_codes": [
        0,
        0,
        0,
        0,
        0,
        0,
        0,
        0
      ]
    },
    {
      "command": "bun",
      "mean": 0.267353616915,
      "stddev": 0.033790166207556926,
      "median": 0.26061911204,
      "user": 0.25303723499999997,
      "system": 0.007942625,
      "min": 0.23613521554000003,
      "max": 0.33664800754,
      "times": [
        0.24811534154000003,
        0.24587525754,
        0.27312288254,
        0.33664800754,
        0.28672488254,
        0.27511738254,
        0.23708996554,
        0.23613521554000003
      ],
      "memory_usage_byte": [
        54165504,
        54165504,
        54165504,
        54165504,
        54165504,
        54165504,
        54165504,
        54165504
      ],
      "exit_codes": [
        0,
        0,
        0,
        0,
        0,
        0,
        0,
        0
      ]
    },
    {
      "command": "deno",
      "mean": 0.332205439665,
      "stddev": 0.0015764185761960026,
      "median": 0.33212513254,
      "user": 0.32861223500000003,
      "system": 0.006506125,
      "min": 0.33001959054,
      "max": 0.33398617354000004,
      "times": [
        0.33384867454,
        0.33075225754000004,
        0.33107321554,
        0.33001959054,
        0.33398617354000004,
        0.33285525754,
        0.33371334054,
        0.33139500754
      ],
      "memory_usage_byte": [
        59179008,
        59179008,
        59179008,
        59179008,
        59179008,
        59277312,
        59277312,
        59277312
      ],
      "exit_codes": [
        0,
        0,
        0,
        0,
        0,
        0,
        0,
        0
      ]
    }
  ]
}
