{
  "results": [
    {
      "command": "volentscript",
      "mean": 0.26507037885999996,
      "stddev": 0.0026663458055903332,
      "median": 0.26470770186,
      "user": 0.26335517500000005,
      "system": 0.00093607,
      "min": 0.26140303536,
      "max": 0.26875474336,
      "times": [
        0.26140303536,
        0.26473178535999997,
        0.26875474336,
        0.26849328536,
        0.26343782636,
        0.26468361836,
        0.26646724336,
        0.26259149336
      ],
      "memory_usage_byte": [
        6635520,
        6635520,
        6635520,
        6635520,
        6635520,
        6635520,
        6635520,
        6635520
      ],
      "exit_codes": [
        0,
        0,
        0,
        0,
        0,
        0,
        0,
        0
      ]
    },
    {
      "command": "c",
      "mean": 0.17990476948500003,
      "stddev": 0.0012734905505955363,
      "median": 0.17951530586000003,
      "user": 0.17857205,
      "system": 0.0005609450000000002,
      "min": 0.17861986836000002,
      "max": 0.18185428536000003,
      "times": [
        0.17866303536000003,
        0.18027061836000002,
        0.17923949336000003,
        0.17911936836000003,
        0.18185428536000003,
        0.17979111836000003,
        0.18168036836,
        0.17861986836000002
      ],
      "memory_usage_byte": [
        6635520,
        6635520,
        6635520,
        6635520,
        6635520,
        6635520,
        6635520,
        6635520
      ],
      "exit_codes": [
        0,
        0,
        0,
        0,
        0,
        0,
        0,
        0
      ]
    },
    {
      "command": "rust",
      "mean": 0.149295185985,
      "stddev": 0.0012841598026615323,
      "median": 0.14910384736,
      "user": 0.14800529999999998,
      "system": 0.000525445,
      "min": 0.14761565936,
      "max": 0.15140470136000003,
      "times": [
        0.14923899336000002,
        0.14999099336000002,
        0.14827399336000002,
        0.14829466036000002,
        0.14896870136,
        0.14761565936,
        0.15057378536000002,
        0.15140470136000003
      ],
      "memory_usage_byte": [
        6635520,
        6635520,
        6635520,
        6635520,
        6635520,
        6635520,
        6635520,
        6635520
      ],
      "exit_codes": [
        0,
        0,
        0,
        0,
        0,
        0,
        0,
        0
      ]
    },
    {
      "command": "go",
      "mean": 0.23844069111000002,
      "stddev": 0.0022125049926432563,
      "median": 0.23803559736000002,
      "user": 0.2367308,
      "system": 0.00102732,
      "min": 0.23513532636000004,
      "max": 0.24199778536000002,
      "times": [
        0.24199778536000002,
        0.23794782636000003,
        0.23940070136000002,
        0.23731240936000003,
        0.23681841036000004,
        0.23812336836000003,
        0.24078970136000002,
        0.23513532636000004
      ],
      "memory_usage_byte": [
        6635520,
        6635520,
        6635520,
        6635520,
        6635520,
        6635520,
        6635520,
        6635520
      ],
      "exit_codes": [
        0,
        0,
        0,
        0,
        0,
        0,
        0,
        0
      ]
    },
    {
      "command": "java",
      "mean": 0.18322208198500003,
      "stddev": 0.0016172229537404995,
      "median": 0.18239993086,
      "user": 0.192202425,
      "system": 0.009035320000000001,
      "min": 0.18196520236000002,
      "max": 0.18651828536000004,
      "times": [
        0.18204107736000003,
        0.18238432636000002,
        0.18238636836000002,
        0.18329365936000003,
        0.18241349336,
        0.18651828536000004,
        0.18477424336000003,
        0.18196520236000002
      ],
      "memory_usage_byte": [
        46104576,
        46104576,
        46104576,
        46104576,
        46104576,
        46104576,
        46104576,
        46104576
      ],
      "exit_codes": [
        0,
        0,
        0,
        0,
        0,
        0,
        0,
        0
      ]
    },
    {
      "command": "node",
      "mean": 0.33245315473500003,
      "stddev": 0.0014140207859635043,
      "median": 0.33211336836000005,
      "user": 0.32957742500000003,
      "system": 0.00456757,
      "min": 0.33053266036,
      "max": 0.33515253536,
      "times": [
        0.33154453436,
        0.33053266036,
        0.33335690936,
        0.33167611836,
        0.33515253536,
        0.33231116036,
        0.33191557636,
        0.33313574336
      ],
      "memory_usage_byte": [
        54214656,
        54214656,
        54214656,
        54214656,
        54214656,
        54214656,
        54214656,
        54214656
      ],
      "exit_codes": [
        0,
        0,
        0,
        0,
        0,
        0,
        0,
        0
      ]
    },
    {
      "command": "bun",
      "mean": 0.23411996223500003,
      "stddev": 0.0005345671017950502,
      "median": 0.23431447236000003,
      "user": 0.23367517500000004,
      "system": 0.00334007,
      "min": 0.23314311836,
      "max": 0.23469457636000002,
      "times": [
        0.23421095136000003,
        0.23469457636000002,
        0.23453428536000004,
        0.23441799336000002,
        0.23369641036000002,
        0.23314311836,
        0.23449691036000003,
        0.23376545236000001
      ],
      "memory_usage_byte": [
        54214656,
        54214656,
        54214656,
        54214656,
        54214656,
        54214656,
        54214656,
        54214656
      ],
      "exit_codes": [
        0,
        0,
        0,
        0,
        0,
        0,
        0,
        0
      ]
    },
    {
      "command": "deno",
      "mean": 0.32876813411,
      "stddev": 0.000858832658770151,
      "median": 0.32862997286,
      "user": 0.32571605000000003,
      "system": 0.005813194999999999,
      "min": 0.32757411836,
      "max": 0.33037957636,
      "times": [
        0.33037957636,
        0.32805003536,
        0.32757411836,
        0.32854616036,
        0.32947286836,
        0.32851982736,
        0.32888870136,
        0.32871378536
      ],
      "memory_usage_byte": [
        59113472,
        59113472,
        59113472,
        59113472,
        59113472,
        59113472,
        59113472,
        59113472
      ],
      "exit_codes": [
        0,
        0,
        0,
        0,
        0,
        0,
        0,
        0
      ]
    }
  ]
}
