{
  "results": [
    {
      "command": "volentscript",
      "mean": 0.25404085903500007,
      "stddev": 0.0015581723359691386,
      "median": 0.25404106715999997,
      "user": 0.25138714,
      "system": 0.0016673249999999994,
      "min": 0.25204294216,
      "max": 0.25685081816,
      "times": [
        0.25404369216,
        0.25685081816,
        0.25351894216000004,
        0.25464260916000003,
        0.25204294216,
        0.25216727516000004,
        0.25403844216,
        0.25502215116
      ],
      "memory_usage_byte": [
        6619136,
        6619136,
        6619136,
        6619136,
        6619136,
        6619136,
        6619136,
        6619136
      ],
      "exit_codes": [
        0,
        0,
        0,
        0,
        0,
        0,
        0,
        0
      ]
    },
    {
      "command": "c",
      "mean": 0.19098778628500002,
      "stddev": 0.0013310326664395823,
      "median": 0.19057248416,
      "user": 0.18820088999999995,
      "system": 0.0012681999999999997,
      "min": 0.18888998416000002,
      "max": 0.19311856716,
      "times": [
        0.19243940016000002,
        0.19311856716,
        0.19152077616000002,
        0.19048019316,
        0.19066477516000002,
        0.19043190116,
        0.19035669316,
        0.18888998416000002
      ],
      "memory_usage_byte": [
        6619136,
        6619136,
        6619136,
        6619136,
        6619136,
        6619136,
        6619136,
        6619136
      ],
      "exit_codes": [
        0,
        0,
        0,
        0,
        0,
        0,
        0,
        0
      ]
    },
    {
      "command": "rust",
      "mean": 0.156595911035,
      "stddev": 0.0013732140545057556,
      "median": 0.15604398416,
      "user": 0.15437464,
      "system": 0.0011578249999999997,
      "min": 0.15523635916,
      "max": 0.15880198416000002,
      "times": [
        0.15856956716,
        0.15523635916,
        0.15572052516,
        0.15630810916,
        0.15677581716,
        0.15557506716,
        0.15880198416000002,
        0.15577985916
      ],
      "memory_usage_byte": [
        6619136,
        6619136,
        6619136,
        6619136,
        6619136,
        6619136,
        6619136,
        6619136
      ],
      "exit_codes": [
        0,
        0,
        0,
        0,
        0,
        0,
        0,
        0
      ]
    },
    {
      "command": "go",
      "mean": 0.252948473785,
      "stddev": 0.004218496222080386,
      "median": 0.25225860916,
      "user": 0.250193265,
      "system": 0.0018491999999999996,
      "min": 0.24959752616000003,
      "max": 0.26274235916,
      "times": [
        0.24970140116,
        0.25256827616,
        0.25286877516,
        0.24959752616000003,
        0.25062769216,
        0.26274235916,
        0.25353281816,
        0.25194894216
      ],
      "memory_usage_byte": [
        6619136,
        6619136,
        6619136,
        6619136,
        6619136,
        6619136,
        6619136,
        6619136
      ],
      "exit_codes": [
        0,
        0,
        0,
        0,
        0,
        0,
        0,
        0
      ]
    },
    {
      "command": "java",
      "mean": 0.19403456228500005,
      "stddev": 0.003670678974470775,
      "median": 0.19331046316,
      "user": 0.20239413999999994,
      "system": 0.0110877,
      "min": 0.19085281716000002,
      "max": 0.20212190116,
      "times": [
        0.20212190116,
        0.19451748416,
        0.19322385916,
        0.19339706716000002,
        0.19558602616,
        0.19123910916,
        0.19133823416,
        0.19085281716000002
      ],
      "memory_usage_byte": [
        46088192,
        46088192,
        46088192,
        46088192,
        46088192,
        46088192,
        46088192,
        46088192
      ],
      "exit_codes": [
        0,
        0,
        0,
        0,
        0,
        0,
        0,
        0
      ]
    },
    {
      "command": "node",
      "mean": 0.3376574320350001,
      "stddev": 0.0017916585203774124,
      "median": 0.33744156766,
      "user": 0.33399476499999997,
      "system": 0.0055677,
      "min": 0.33525935916000005,
      "max": 0.34039365116000003,
      "times": [
        0.34039365116000003,
        0.33638435916000003,
        0.33728077616,
        0.34008285916000003,
        0.33760235916000003,
        0.33641256716,
        0.33784352516000005,
        0.33525935916000005
      ],
      "memory_usage_byte": [
        53919744,
        53919744,
        54083584,
        54083584,
        54083584,
        54083584,
        54083584,
        54083584
      ],
      "exit_codes": [
        0,
        0,
        0,
        0,
        0,
        0,
        0,
        0
      ]
    },
    {
      "command": "bun",
      "mean": 0.23701298403500004,
      "stddev": 0.0016623514111662428,
      "median": 0.23647540066,
      "user": 0.23558889,
      "system": 0.0044274499999999994,
      "min": 0.23579594216000002,
      "max": 0.24088281716,
      "times": [
        0.23579594216000002,
        0.23629985916000001,
        0.24088281716,
        0.23665094216000002,
        0.23591215116000003,
        0.23609660916000003,
        0.23700998416000002,
        0.23745556716000002
      ],
      "memory_usage_byte": [
        54083584,
        54083584,
        54083584,
        54083584,
        54083584,
        54083584,
        54083584,
        54083584
      ],
      "exit_codes": [
        0,
        0,
        0,
        0,
        0,
        0,
        0,
        0
      ]
    },
    {
      "command": "deno",
      "mean": 0.33239896341,
      "stddev": 0.00039454429692268217,
      "median": 0.33234194266000006,
      "user": 0.32831676499999995,
      "system": 0.006976199999999999,
      "min": 0.33200969216000004,
      "max": 0.33307277616000003,
      "times": [
        0.33204048416000004,
        0.33232960916000004,
        0.33284406716000003,
        0.33200969216000004,
        0.33235427616,
        0.33307277616000003,
        0.33202790116,
        0.33251290116000004
      ],
      "memory_usage_byte": [
        59293696,
        59293696,
        59293696,
        59293696,
        59293696,
        59293696,
        59293696,
        59293696
      ],
      "exit_codes": [
        0,
        0,
        0,
        0,
        0,
        0,
        0,
        0
      ]
    }
  ]
}
