{
  "results": [
    {
      "command": "volentscript",
      "mean": 0.13950005519500003,
      "stddev": 0.0011774658511110034,
      "median": 0.13969636232000002,
      "user": 0.13350064,
      "system": 0.00455083,
      "min": 0.13715907082,
      "max": 0.14091048782,
      "times": [
        0.13925698782,
        0.13995944582000003,
        0.13943327882,
        0.14091048782,
        0.13873202882000002,
        0.14056719582000002,
        0.13998194582,
        0.13715907082
      ],
      "memory_usage_byte": [
        44843008,
        44843008,
        44843008,
        44843008,
        44843008,
        44843008,
        44843008,
        44843008
      ],
      "exit_codes": [
        0,
        0,
        0,
        0,
        0,
        0,
        0,
        0
      ]
    },
    {
      "command": "c",
      "mean": 0.010595190570000001,
      "stddev": 0.00040025693434905064,
      "median": 0.010670632820000001,
      "user": 0.009826265,
      "system": 0.00020170500000000008,
      "min": 0.010092028820000001,
      "max": 0.011046570820000002,
      "times": [
        0.010253237820000002,
        0.011046570820000002,
        0.010689236820000001,
        0.010903154820000002,
        0.010652028820000001,
        0.010092028820000001,
        0.010094362820000001,
        0.011030903820000002
      ],
      "memory_usage_byte": [
        44843008,
        44843008,
        44843008,
        44843008,
        44843008,
        44843008,
        44843008,
        44843008
      ],
      "exit_codes": [
        0,
        0,
        0,
        0,
        0,
        0,
        0,
        0
      ]
    },
    {
      "command": "rust",
      "mean": 0.017987117570000002,
      "stddev": 0.00035635075287689376,
      "median": 0.01787229982,
      "user": 0.016875765,
      "system": 0.00032983000000000003,
      "min": 0.01751952982,
      "max": 0.018516778820000003,
      "times": [
        0.01751952982,
        0.017814986820000003,
        0.01769352982,
        0.01784190382,
        0.01790269582,
        0.018516778820000003,
        0.018454028820000003,
        0.018153486820000002
      ],
      "memory_usage_byte": [
        44843008,
        44843008,
        44843008,
        44843008,
        44843008,
        44843008,
        44843008,
        44843008
      ],
      "exit_codes": [
        0,
        0,
        0,
        0,
        0,
        0,
        0,
        0
      ]
    },
    {
      "command": "go",
      "mean": 0.019579096695000003,
      "stddev": 0.0003144496181332149,
      "median": 0.01968584182,
      "user": 0.01846639,
      "system": 0.00125708,
      "min": 0.019091195820000004,
      "max": 0.019927736820000003,
      "times": [
        0.019091195820000004,
        0.019130278820000002,
        0.01978348682,
        0.01959961282,
        0.019800570820000002,
        0.01977207082,
        0.019527820820000003,
        0.019927736820000003
      ],
      "memory_usage_byte": [
        44843008,
        44843008,
        44843008,
        44843008,
        44843008,
        44843008,
        44843008,
        44843008
      ],
      "exit_codes": [
        0,
        0,
        0,
        0,
        0,
        0,
        0,
        0
      ]
    },
    {
      "command": "java",
      "mean": 0.08195444057000001,
      "stddev": 0.004591020656625488,
      "median": 0.08170217482,
      "user": 0.240052015,
      "system": 0.015889955,
      "min": 0.07568490382,
      "max": 0.09128082082,
      "times": [
        0.08153107082,
        0.08189348682,
        0.07568490382,
        0.08004757082,
        0.08459965482,
        0.08187327881999999,
        0.07872473782,
        0.09128082082
      ],
      "memory_usage_byte": [
        132120576,
        132120576,
        132399104,
        132399104,
        132399104,
        132399104,
        132448256,
        132448256
      ],
      "exit_codes": [
        0,
        0,
        0,
        0,
        0,
        0,
        0,
        0
      ]
    },
    {
      "command": "node",
      "mean": 0.032243784445,
      "stddev": 0.0008017206565214129,
      "median": 0.032416175320000004,
      "user": 0.028535514999999997,
      "system": 0.0043244550000000005,
      "min": 0.03084461182,
      "max": 0.03319857082,
      "times": [
        0.03286694582,
        0.03084461182,
        0.03149548782,
        0.03222761282,
        0.03319857082,
        0.031843362820000005,
        0.03260473782,
        0.03286894582
      ],
      "memory_usage_byte": [
        132448256,
        132448256,
        132448256,
        132448256,
        132448256,
        132448256,
        132448256,
        132448256
      ],
      "exit_codes": [
        0,
        0,
        0,
        0,
        0,
        0,
        0,
        0
      ]
    },
    {
      "command": "bun",
      "mean": 0.017019497695,
      "stddev": 0.000820245353104691,
      "median": 0.016668945820000003,
      "user": 0.012448765,
      "system": 0.004063829999999999,
      "min": 0.016448362820000003,
      "max": 0.01891065382,
      "times": [
        0.017244611820000002,
        0.01891065382,
        0.017162986820000004,
        0.01664177882,
        0.01650527882,
        0.016448362820000003,
        0.01654619582,
        0.01669611282
      ],
      "memory_usage_byte": [
        132448256,
        132448256,
        132448256,
        132448256,
        132448256,
        132448256,
        132448256,
        132448256
      ],
      "exit_codes": [
        0,
        0,
        0,
        0,
        0,
        0,
        0,
        0
      ]
    },
    {
      "command": "deno",
      "mean": 0.04983392469500001,
      "stddev": 0.02755918873915866,
      "median": 0.03582096632000001,
      "user": 0.027397139999999997,
      "system": 0.010626954999999999,
      "min": 0.02725273782,
      "max": 0.09964977882,
      "times": [
        0.02725273782,
        0.027748528820000003,
        0.028939278820000004,
        0.034674111820000006,
        0.06685323682,
        0.07658590382,
        0.09964977882,
        0.036967820820000004
      ],
      "memory_usage_byte": [
        132448256,
        132448256,
        132448256,
        132448256,
        132448256,
        132448256,
        132448256,
        132448256
      ],
      "exit_codes": [
        0,
        0,
        0,
        0,
        0,
        0,
        0,
        0
      ]
    }
  ]
}
