{
  "results": [
    {
      "command": "volentscript",
      "mean": 0.21256622145,
      "stddev": 0.00304263901406449,
      "median": 0.21330989270000003,
      "user": 0.2035773,
      "system": 0.006778755,
      "min": 0.20761033120000003,
      "max": 0.2168829982,
      "times": [
        0.20939883120000002,
        0.21337483020000003,
        0.2110147052,
        0.2168829982,
        0.21324495520000003,
        0.2150321222,
        0.20761033120000003,
        0.2139709982
      ],
      "memory_usage_byte": [
        45187072,
        45187072,
        45187072,
        45203456,
        45236224,
        45236224,
        45236224,
        45236224
      ],
      "exit_codes": [
        0,
        0,
        0,
        0,
        0,
        0,
        0,
        0
      ]
    },
    {
      "command": "c",
      "mean": 0.012267945450000001,
      "stddev": 0.0010021969925756331,
      "median": 0.0121644767,
      "user": 0.010747675,
      "system": 0.00084488,
      "min": 0.0111915392,
      "max": 0.014521539200000001,
      "times": [
        0.0117874142,
        0.0115810392,
        0.0120119562,
        0.012325747199999999,
        0.014521539200000001,
        0.0123169972,
        0.0111915392,
        0.012407331200000002
      ],
      "memory_usage_byte": [
        45236224,
        45236224,
        45236224,
        45236224,
        45236224,
        45236224,
        45236224,
        45236224
      ],
      "exit_codes": [
        0,
        0,
        0,
        0,
        0,
        0,
        0,
        0
      ]
    },
    {
      "command": "rust",
      "mean": 0.018784528825000004,
      "stddev": 0.00048797088188917237,
      "median": 0.019004060200000002,
      "user": 0.017484425,
      "system": 0.0007008800000000001,
      "min": 0.018189248200000004,
      "max": 0.019458039200000003,
      "times": [
        0.0182853302,
        0.0181950802,
        0.0189776642,
        0.018189248200000004,
        0.019094498200000004,
        0.019030456200000004,
        0.019458039200000003,
        0.019045914200000003
      ],
      "memory_usage_byte": [
        45236224,
        45236224,
        45236224,
        45236224,
        45236224,
        45236224,
        45236224,
        45236224
      ],
      "exit_codes": [
        0,
        0,
        0,
        0,
        0,
        0,
        0,
        0
      ]
    },
    {
      "command": "go",
      "mean": 0.021712080950000004,
      "stddev": 0.0004119613333057745,
      "median": 0.021786705700000002,
      "user": 0.019823299999999995,
      "system": 0.002204255,
      "min": 0.021182123200000003,
      "max": 0.022337206200000004,
      "times": [
        0.021182123200000003,
        0.021904456200000002,
        0.021322789200000004,
        0.022337206200000004,
        0.021668955200000003,
        0.022016539200000004,
        0.021300247200000004,
        0.021964331200000003
      ],
      "memory_usage_byte": [
        45236224,
        45236224,
        45236224,
        45236224,
        45236224,
        45236224,
        45236224,
        45236224
      ],
      "exit_codes": [
        0,
        0,
        0,
        0,
        0,
        0,
        0,
        0
      ]
    },
    {
      "command": "java",
      "mean": 0.08986747682499999,
      "stddev": 0.0029595974605500426,
      "median": 0.09077126869999999,
      "user": 0.2570963,
      "system": 0.02082013,
      "min": 0.0860601642,
      "max": 0.0946267482,
      "times": [
        0.0909659972,
        0.0860601642,
        0.0869771222,
        0.0918839982,
        0.0946267482,
        0.0907424142,
        0.0868832472,
        0.0908001232
      ],
      "memory_usage_byte": [
        132071424,
        132071424,
        132071424,
        132071424,
        132071424,
        132071424,
        132136960,
        132136960
      ],
      "exit_codes": [
        0,
        0,
        0,
        0,
        0,
        0,
        0,
        0
      ]
    },
    {
      "command": "node",
      "mean": 0.03695217957500001,
      "stddev": 0.0065598439533497595,
      "median": 0.0347516017,
      "user": 0.030708049999999997,
      "system": 0.00514038,
      "min": 0.0332476222,
      "max": 0.0529390802,
      "times": [
        0.03599149720000001,
        0.033802414200000006,
        0.0349381642,
        0.0365173722,
        0.0345650392,
        0.033616247200000005,
        0.0332476222,
        0.0529390802
      ],
      "memory_usage_byte": [
        132136960,
        132136960,
        132136960,
        132136960,
        132136960,
        132136960,
        132136960,
        132136960
      ],
      "exit_codes": [
        0,
        0,
        0,
        0,
        0,
        0,
        0,
        0
      ]
    },
    {
      "command": "bun",
      "mean": 0.018766950700000003,
      "stddev": 0.001957489589376951,
      "median": 0.0181297267,
      "user": 0.013240675,
      "system": 0.00490938,
      "min": 0.017536914200000003,
      "max": 0.023424664200000004,
      "times": [
        0.017536914200000003,
        0.0176330812,
        0.018277789200000002,
        0.018293414200000004,
        0.017981664200000004,
        0.017752331200000002,
        0.023424664200000004,
        0.019235747200000004
      ],
      "memory_usage_byte": [
        132136960,
        132136960,
        132136960,
        132136960,
        132136960,
        132136960,
        132136960,
        132136960
      ],
      "exit_codes": [
        0,
        0,
        0,
        0,
        0,
        0,
        0,
        0
      ]
    },
    {
      "command": "deno",
      "mean": 0.030375502700000005,
      "stddev": 0.0007560640495797012,
      "median": 0.030449081200000002,
      "user": 0.024715549999999996,
      "system": 0.007127379999999999,
      "min": 0.029507372200000007,
      "max": 0.0317467052,
      "times": [
        0.029507372200000007,
        0.0317467052,
        0.030866622200000006,
        0.030353206200000003,
        0.0305449562,
        0.029689289200000003,
        0.030659164200000005,
        0.0296367062
      ],
      "memory_usage_byte": [
        132136960,
        132136960,
        132136960,
        132136960,
        132136960,
        132136960,
        132136960,
        132136960
      ],
      "exit_codes": [
        0,
        0,
        0,
        0,
        0,
        0,
        0,
        0
      ]
    }
  ]
}
