{
  "results": [
    {
      "command": "volentscript",
      "mean": 0.20324306337999998,
      "stddev": 0.0038387624386543883,
      "median": 0.20243368798,
      "user": 0.1959266,
      "system": 0.00573088,
      "min": 0.19920681398,
      "max": 0.20931968798,
      "times": [
        0.19920681398,
        0.20115872998,
        0.20243368798,
        0.20931968798,
        0.20409639698
      ],
      "memory_usage_byte": [
        45252608,
        45268992,
        45301760,
        45301760,
        45301760
      ],
      "exit_codes": [
        0,
        0,
        0,
        0,
        0
      ]
    },
    {
      "command": "c",
      "mean": 0.01732714678,
      "stddev": 0.007011060516556657,
      "median": 0.014664396980000001,
      "user": 0.011592599999999998,
      "system": 0.0016270800000000001,
      "min": 0.01281206398,
      "max": 0.02978077098,
      "times": [
        0.01494802198,
        0.02978077098,
        0.01443047998,
        0.014664396980000001,
        0.01281206398
      ],
      "memory_usage_byte": [
        45301760,
        45301760,
        45301760,
        45301760,
        45301760
      ],
      "exit_codes": [
        0,
        0,
        0,
        0,
        0
      ]
    },
    {
      "command": "rust",
      "mean": 0.018000805180000003,
      "stddev": 0.00039660615959752755,
      "median": 0.01822102198,
      "user": 0.016989399999999995,
      "system": 0.0005948800000000004,
      "min": 0.017418979980000002,
      "max": 0.01833064698,
      "times": [
        0.017418979980000002,
        0.01833064698,
        0.01822102198,
        0.017758938980000003,
        0.018274437980000002
      ],
      "memory_usage_byte": [
        45301760,
        45301760,
        45301760,
        45301760,
        45301760
      ],
      "exit_codes": [
        0,
        0,
        0,
        0,
        0
      ]
    },
    {
      "command": "go",
      "mean": 0.021178346580000004,
      "stddev": 0.0005929632988092942,
      "median": 0.021077646980000003,
      "user": 0.0196888,
      "system": 0.0017076800000000003,
      "min": 0.02038893798,
      "max": 0.02196622998,
      "times": [
        0.02038893798,
        0.02196622998,
        0.021500687980000002,
        0.021077646980000003,
        0.020958229980000003
      ],
      "memory_usage_byte": [
        45301760,
        45301760,
        45301760,
        45301760,
        45301760
      ],
      "exit_codes": [
        0,
        0,
        0,
        0,
        0
      ]
    },
    {
      "command": "java",
      "mean": 0.08210594678000001,
      "stddev": 0.0026007453099699492,
      "median": 0.08306893798000001,
      "user": 0.23982219999999996,
      "system": 0.01569148,
      "min": 0.07761568898000001,
      "max": 0.08392972998,
      "times": [
        0.07761568898000001,
        0.08218677198,
        0.08306893798000001,
        0.08372860498000001,
        0.08392972998
      ],
      "memory_usage_byte": [
        131907584,
        131907584,
        131907584,
        131907584,
        131907584
      ],
      "exit_codes": [
        0,
        0,
        0,
        0,
        0
      ]
    },
    {
      "command": "node",
      "mean": 0.03365705518,
      "stddev": 0.0013646092917979115,
      "median": 0.03394489698,
      "user": 0.029707599999999994,
      "system": 0.00418368,
      "min": 0.03158610498,
      "max": 0.03499472998,
      "times": [
        0.03499472998,
        0.03465060498,
        0.03394489698,
        0.03310893898,
        0.03158610498
      ],
      "memory_usage_byte": [
        131907584,
        131907584,
        131907584,
        131907584,
        131907584
      ],
      "exit_codes": [
        0,
        0,
        0,
        0,
        0
      ]
    },
    {
      "command": "bun",
      "mean": 0.01765231318,
      "stddev": 0.0005922057511905814,
      "median": 0.017567604980000002,
      "user": 0.012944,
      "system": 0.004453480000000001,
      "min": 0.01687989598,
      "max": 0.018502646980000002,
      "times": [
        0.018502646980000002,
        0.01785056298,
        0.017567604980000002,
        0.01687989598,
        0.017460854980000003
      ],
      "memory_usage_byte": [
        131907584,
        131907584,
        131907584,
        131907584,
        131907584
      ],
      "exit_codes": [
        0,
        0,
        0,
        0,
        0
      ]
    },
    {
      "command": "deno",
      "mean": 0.028633379980000002,
      "stddev": 0.00037632773013093193,
      "median": 0.02845672998,
      "user": 0.024146999999999995,
      "system": 0.006166679999999999,
      "min": 0.028297354980000005,
      "max": 0.029232895980000003,
      "times": [
        0.028297354980000005,
        0.028417938980000005,
        0.029232895980000003,
        0.02845672998,
        0.02876197998
      ],
      "memory_usage_byte": [
        131907584,
        131907584,
        131907584,
        131907584,
        131907584
      ],
      "exit_codes": [
        0,
        0,
        0,
        0,
        0
      ]
    }
  ]
}
