{
  "results": [
    {
      "command": "volentscript",
      "mean": 0.20036906087,
      "stddev": 0.0034625609014316753,
      "median": 0.19972122262,
      "user": 0.193323245,
      "system": 0.00533343,
      "min": 0.19479601412,
      "max": 0.20540926412,
      "times": [
        0.19931988912,
        0.20031059712,
        0.19479601412,
        0.20540926412,
        0.19886859712,
        0.20508843012,
        0.20012255612,
        0.19903713912
      ],
      "memory_usage_byte": [
        45383680,
        45383680,
        45383680,
        45416448,
        45416448,
        45416448,
        45416448,
        45416448
      ],
      "exit_codes": [
        0,
        0,
        0,
        0,
        0,
        0,
        0,
        0
      ]
    },
    {
      "command": "c",
      "mean": 0.011327253620000002,
      "stddev": 0.0004138207564506987,
      "median": 0.01138534712,
      "user": 0.01022262,
      "system": 0.0004928050000000001,
      "min": 0.01073943112,
      "max": 0.01189847312,
      "times": [
        0.011675597119999999,
        0.01144588912,
        0.01097884712,
        0.01073943112,
        0.01164159712,
        0.010913389119999999,
        0.01132480512,
        0.01189847312
      ],
      "memory_usage_byte": [
        45416448,
        45416448,
        45416448,
        45416448,
        45416448,
        45416448,
        45416448,
        45416448
      ],
      "exit_codes": [
        0,
        0,
        0,
        0,
        0,
        0,
        0,
        0
      ]
    },
    {
      "command": "rust",
      "mean": 0.018357102495000003,
      "stddev": 0.0008440383927460943,
      "median": 0.01787670162,
      "user": 0.017178869999999995,
      "system": 0.0005619300000000002,
      "min": 0.017436806120000002,
      "max": 0.019444514120000003,
      "times": [
        0.017807930120000003,
        0.017436806120000002,
        0.017778097120000003,
        0.017941889120000002,
        0.01781151412,
        0.019444514120000003,
        0.01927497212,
        0.01936109712
      ],
      "memory_usage_byte": [
        45416448,
        45416448,
        45416448,
        45416448,
        45416448,
        45416448,
        45416448,
        45416448
      ],
      "exit_codes": [
        0,
        0,
        0,
        0,
        0,
        0,
        0,
        0
      ]
    },
    {
      "command": "go",
      "mean": 0.020469092370000004,
      "stddev": 0.0004062440309601929,
      "median": 0.02027647262,
      "user": 0.018868119999999995,
      "system": 0.001533805,
      "min": 0.02011418112,
      "max": 0.021075014120000003,
      "times": [
        0.02019630612,
        0.020356639120000002,
        0.02018905612,
        0.02012209712,
        0.02011418112,
        0.020641764120000003,
        0.02105768112,
        0.021075014120000003
      ],
      "memory_usage_byte": [
        45416448,
        45416448,
        45416448,
        45416448,
        45416448,
        45416448,
        45416448,
        45416448
      ],
      "exit_codes": [
        0,
        0,
        0,
        0,
        0,
        0,
        0,
        0
      ]
    },
    {
      "command": "java",
      "mean": 0.08136641512000001,
      "stddev": 0.0036273108282059304,
      "median": 0.08127268062000001,
      "user": 0.23524836999999998,
      "system": 0.01623143,
      "min": 0.07760363912000001,
      "max": 0.08805034712000001,
      "times": [
        0.08133301412,
        0.07846613912000001,
        0.08479709812000001,
        0.08170097212,
        0.08805034712000001,
        0.07760363912000001,
        0.07776776412000001,
        0.08121234712000001
      ],
      "memory_usage_byte": [
        132677632,
        132677632,
        132677632,
        132677632,
        132677632,
        132677632,
        132677632,
        132677632
      ],
      "exit_codes": [
        0,
        0,
        0,
        0,
        0,
        0,
        0,
        0
      ]
    },
    {
      "command": "node",
      "mean": 0.032804487995,
      "stddev": 0.0004764522043435615,
      "median": 0.032772388619999995,
      "user": 0.028517744999999997,
      "system": 0.004247305,
      "min": 0.032220223119999995,
      "max": 0.033789764119999996,
      "times": [
        0.03273818012,
        0.03240347312,
        0.032806597119999996,
        0.032989180119999996,
        0.03255672212,
        0.03293176412,
        0.033789764119999996,
        0.032220223119999995
      ],
      "memory_usage_byte": [
        132677632,
        132677632,
        132677632,
        132677632,
        132677632,
        132677632,
        132677632,
        132677632
      ],
      "exit_codes": [
        0,
        0,
        0,
        0,
        0,
        0,
        0,
        0
      ]
    },
    {
      "command": "bun",
      "mean": 0.01730755062,
      "stddev": 0.0005116376619274341,
      "median": 0.01722836862,
      "user": 0.012678994999999998,
      "system": 0.004296055,
      "min": 0.01661768112,
      "max": 0.01815651412,
      "times": [
        0.01661768112,
        0.01774863912,
        0.01763618012,
        0.01815651412,
        0.01702051412,
        0.01727622312,
        0.01682413912,
        0.01718051412
      ],
      "memory_usage_byte": [
        132677632,
        132677632,
        132677632,
        132677632,
        132677632,
        132677632,
        132677632,
        132677632
      ],
      "exit_codes": [
        0,
        0,
        0,
        0,
        0,
        0,
        0,
        0
      ]
    },
    {
      "command": "deno",
      "mean": 0.028569628620000002,
      "stddev": 0.0007062976435322016,
      "median": 0.02867009712,
      "user": 0.023773745,
      "system": 0.006393054999999999,
      "min": 0.027407139120000003,
      "max": 0.02945843012,
      "times": [
        0.029261473120000003,
        0.02945843012,
        0.028437555120000003,
        0.02890263912,
        0.028318972120000004,
        0.027407139120000003,
        0.027831806120000004,
        0.02893901412
      ],
      "memory_usage_byte": [
        132677632,
        132677632,
        132677632,
        132677632,
        132677632,
        132677632,
        132677632,
        132677632
      ],
      "exit_codes": [
        0,
        0,
        0,
        0,
        0,
        0,
        0,
        0
      ]
    }
  ]
}
