{
  "results": [
    {
      "command": "volentscript",
      "mean": 0.07811836029000001,
      "stddev": 0.002496781406817913,
      "median": 0.07697214154000001,
      "user": 0.07502306,
      "system": 0.0020252850000000004,
      "min": 0.07595749554000002,
      "max": 0.08314870354000001,
      "times": [
        0.07690228754000002,
        0.07595749554000002,
        0.07992228754000001,
        0.08314870354000001,
        0.07925312054000001,
        0.07597041254,
        0.07704199554,
        0.07675057954000002
      ],
      "memory_usage_byte": [
        29097984,
        29097984,
        29097984,
        29097984,
        29097984,
        29097984,
        29097984,
        29097984
      ],
      "exit_codes": [
        0,
        0,
        0,
        0,
        0,
        0,
        0,
        0
      ]
    },
    {
      "command": "c",
      "mean": 0.009047245790000002,
      "stddev": 0.0004331337052220218,
      "median": 0.00895951654,
      "user": 0.009464434999999998,
      "system": 0.0,
      "min": 0.008629537540000001,
      "max": 0.009911912540000001,
      "times": [
        0.008629537540000001,
        0.009228162540000001,
        0.009317578540000001,
        0.00889499554,
        0.008699871540000001,
        0.008671870540000001,
        0.009911912540000001,
        0.00902403754
      ],
      "memory_usage_byte": [
        29097984,
        29097984,
        29097984,
        29097984,
        29097984,
        29097984,
        29097984,
        29097984
      ],
      "exit_codes": [
        0,
        0,
        0,
        0,
        0,
        0,
        0,
        0
      ]
    },
    {
      "command": "rust",
      "mean": 0.016048834415,
      "stddev": 0.0005414185379472916,
      "median": 0.01595537054,
      "user": 0.016294310000000003,
      "system": 0.0,
      "min": 0.01531378754,
      "max": 0.016945662540000003,
      "times": [
        0.01597637054,
        0.01559828754,
        0.01593437054,
        0.016945662540000003,
        0.01657616254,
        0.015701621540000002,
        0.01634441254,
        0.01531378754
      ],
      "memory_usage_byte": [
        29097984,
        29097984,
        29097984,
        29097984,
        29097984,
        29097984,
        29097984,
        29097984
      ],
      "exit_codes": [
        0,
        0,
        0,
        0,
        0,
        0,
        0,
        0
      ]
    },
    {
      "command": "go",
      "mean": 0.01850827179,
      "stddev": 0.000496447978065247,
      "median": 0.01841403754,
      "user": 0.018166685,
      "system": 0.0010042850000000004,
      "min": 0.017855495540000002,
      "max": 0.019420579540000003,
      "times": [
        0.018168412539999998,
        0.01885274554,
        0.01877495354,
        0.017855495540000002,
        0.018165912540000002,
        0.019420579540000003,
        0.018529246540000002,
        0.01829882854
      ],
      "memory_usage_byte": [
        29097984,
        29097984,
        29097984,
        29097984,
        29097984,
        29097984,
        29097984,
        29097984
      ],
      "exit_codes": [
        0,
        0,
        0,
        0,
        0,
        0,
        0,
        0
      ]
    },
    {
      "command": "java",
      "mean": 0.08116884491500001,
      "stddev": 0.004143465896498999,
      "median": 0.08037941254,
      "user": 0.240304685,
      "system": 0.015539035,
      "min": 0.07459628754000001,
      "max": 0.08963603754,
      "times": [
        0.08037432954000001,
        0.08007270454000001,
        0.08231012154000002,
        0.08184591254000001,
        0.08038449554,
        0.08013087054000001,
        0.07459628754000001,
        0.08963603754
      ],
      "memory_usage_byte": [
        132218880,
        132218880,
        132218880,
        132218880,
        132218880,
        132218880,
        132415488,
        132415488
      ],
      "exit_codes": [
        0,
        0,
        0,
        0,
        0,
        0,
        0,
        0
      ]
    },
    {
      "command": "node",
      "mean": 0.030281402165,
      "stddev": 0.0010194500689468299,
      "median": 0.03014235004,
      "user": 0.027967060000000002,
      "system": 0.0032956600000000006,
      "min": 0.02930195354,
      "max": 0.03231316254,
      "times": [
        0.030846245539999997,
        0.029930578540000002,
        0.030706954539999998,
        0.02943195454,
        0.03035412154,
        0.03231316254,
        0.02930195354,
        0.02936624654
      ],
      "memory_usage_byte": [
        132415488,
        132415488,
        132415488,
        132415488,
        132415488,
        132415488,
        132415488,
        132415488
      ],
      "exit_codes": [
        0,
        0,
        0,
        0,
        0,
        0,
        0,
        0
      ]
    },
    {
      "command": "bun",
      "mean": 0.014873214540000002,
      "stddev": 0.0004269621703684238,
      "median": 0.01477874554,
      "user": 0.011628435,
      "system": 0.003298035,
      "min": 0.01422520454,
      "max": 0.015437412540000002,
      "times": [
        0.015437412540000002,
        0.014773787540000001,
        0.01447962054,
        0.01422520454,
        0.014718287540000001,
        0.01478370354,
        0.015327329540000002,
        0.015240370540000001
      ],
      "memory_usage_byte": [
        132415488,
        132415488,
        132415488,
        132415488,
        132415488,
        132415488,
        132415488,
        132415488
      ],
      "exit_codes": [
        0,
        0,
        0,
        0,
        0,
        0,
        0,
        0
      ]
    },
    {
      "command": "deno",
      "mean": 0.025559865790000004,
      "stddev": 0.0003391890338190068,
      "median": 0.025531162540000003,
      "user": 0.02267981,
      "system": 0.00489216,
      "min": 0.025088079540000002,
      "max": 0.02623782954,
      "times": [
        0.02547637054,
        0.025659329540000005,
        0.02623782954,
        0.025476537540000004,
        0.02527124654,
        0.025585787540000002,
        0.025683745540000004,
        0.025088079540000002
      ],
      "memory_usage_byte": [
        132415488,
        132415488,
        132415488,
        132415488,
        132415488,
        132415488,
        132415488,
        132415488
      ],
      "exit_codes": [
        0,
        0,
        0,
        0,
        0,
        0,
        0,
        0
      ]
    }
  ]
}
