{
  "results": [
    {
      "command": "volentscript",
      "mean": 0.076100131885,
      "stddev": 0.0009743120470333251,
      "median": 0.07631975676,
      "user": 0.07369911500000001,
      "system": 0.001901295,
      "min": 0.07431111126,
      "max": 0.07705761026,
      "times": [
        0.07705565326000001,
        0.07504490226,
        0.07649119426,
        0.07431111126,
        0.07614831926,
        0.07601086126,
        0.07705761026,
        0.07668140326
      ],
      "memory_usage_byte": [
        29212672,
        29212672,
        29212672,
        29212672,
        29229056,
        29229056,
        29229056,
        29229056
      ],
      "exit_codes": [
        0,
        0,
        0,
        0,
        0,
        0,
        0,
        0
      ]
    },
    {
      "command": "c",
      "mean": 0.009022730635000002,
      "stddev": 0.000616662838709159,
      "median": 0.00889744426,
      "user": 0.009011115,
      "system": 0.00004497999999999994,
      "min": 0.00845348526,
      "max": 0.010488652259999998,
      "times": [
        0.010488652259999998,
        0.00893148626,
        0.008759736260000001,
        0.00886340226,
        0.00897115326,
        0.00897623526,
        0.008737694260000001,
        0.00845348526
      ],
      "memory_usage_byte": [
        29229056,
        29229056,
        29229056,
        29229056,
        29229056,
        29229056,
        29229056,
        29229056
      ],
      "exit_codes": [
        0,
        0,
        0,
        0,
        0,
        0,
        0,
        0
      ]
    },
    {
      "command": "rust",
      "mean": 0.015681678634999998,
      "stddev": 0.0002928772600210039,
      "median": 0.01571309026,
      "user": 0.015905865,
      "system": 0.0,
      "min": 0.015166694259999999,
      "max": 0.01618152726,
      "times": [
        0.01583698526,
        0.01618152726,
        0.01567331926,
        0.01562206926,
        0.015166694259999999,
        0.01575286126,
        0.01575540326,
        0.015464569259999998
      ],
      "memory_usage_byte": [
        29229056,
        29229056,
        29229056,
        29229056,
        29229056,
        29229056,
        29229056,
        29229056
      ],
      "exit_codes": [
        0,
        0,
        0,
        0,
        0,
        0,
        0,
        0
      ]
    },
    {
      "command": "go",
      "mean": 0.01739342351,
      "stddev": 0.0002723498527879957,
      "median": 0.01740961126,
      "user": 0.017403865,
      "system": 0.0007212949999999997,
      "min": 0.01683373626,
      "max": 0.01778019426,
      "times": [
        0.01683373626,
        0.01778019426,
        0.01753011026,
        0.017366861259999998,
        0.01731611126,
        0.01745236126,
        0.01754411126,
        0.01732390226
      ],
      "memory_usage_byte": [
        29229056,
        29229056,
        29229056,
        29229056,
        29229056,
        29229056,
        29229056,
        29229056
      ],
      "exit_codes": [
        0,
        0,
        0,
        0,
        0,
        0,
        0,
        0
      ]
    },
    {
      "command": "java",
      "mean": 0.07706412663500001,
      "stddev": 0.0032262040005450418,
      "median": 0.07557254826000001,
      "user": 0.22842636499999996,
      "system": 0.015038669999999999,
      "min": 0.07434490326000001,
      "max": 0.08320519426,
      "times": [
        0.07434490326000001,
        0.07999931926,
        0.08320519426,
        0.07452431926000001,
        0.07849669426000001,
        0.07629586026,
        0.07484923626000001,
        0.07479748626
      ],
      "memory_usage_byte": [
        132792320,
        132792320,
        132792320,
        132792320,
        132792320,
        132792320,
        132792320,
        132792320
      ],
      "exit_codes": [
        0,
        0,
        0,
        0,
        0,
        0,
        0,
        0
      ]
    },
    {
      "command": "node",
      "mean": 0.029498959885000002,
      "stddev": 0.0005444228320235602,
      "median": 0.029532006760000003,
      "user": 0.026935740000000003,
      "system": 0.0034965449999999993,
      "min": 0.02856881926,
      "max": 0.03022031926,
      "times": [
        0.03022031926,
        0.029320194259999998,
        0.029902777260000003,
        0.02993736126,
        0.029651694260000003,
        0.028978194260000003,
        0.02856881926,
        0.029412319260000003
      ],
      "memory_usage_byte": [
        132792320,
        132792320,
        132792320,
        132792320,
        132792320,
        132792320,
        132792320,
        132792320
      ],
      "exit_codes": [
        0,
        0,
        0,
        0,
        0,
        0,
        0,
        0
      ]
    },
    {
      "command": "bun",
      "mean": 0.01493105376,
      "stddev": 0.0005210407238575502,
      "median": 0.015141319759999999,
      "user": 0.011604614999999999,
      "system": 0.003277669999999999,
      "min": 0.014059694259999998,
      "max": 0.015538486259999998,
      "times": [
        0.01521644426,
        0.015538486259999998,
        0.015307819260000001,
        0.014763819259999998,
        0.015204028259999999,
        0.01507861126,
        0.014279527260000001,
        0.014059694259999998
      ],
      "memory_usage_byte": [
        132792320,
        132792320,
        132792320,
        132792320,
        132792320,
        132792320,
        132792320,
        132792320
      ],
      "exit_codes": [
        0,
        0,
        0,
        0,
        0,
        0,
        0,
        0
      ]
    },
    {
      "command": "deno",
      "mean": 0.025062470384999997,
      "stddev": 0.0002936179065512756,
      "median": 0.02510279826,
      "user": 0.02231649,
      "system": 0.005006169999999999,
      "min": 0.02463123526,
      "max": 0.02539711126,
      "times": [
        0.02466431926,
        0.02496048626,
        0.02510615226,
        0.02509944426,
        0.02463123526,
        0.02539711126,
        0.02531140326,
        0.02532961126
      ],
      "memory_usage_byte": [
        132792320,
        132792320,
        132792320,
        132792320,
        132792320,
        132792320,
        132792320,
        132792320
      ],
      "exit_codes": [
        0,
        0,
        0,
        0,
        0,
        0,
        0,
        0
      ]
    }
  ]
}
