{
  "results": [
    {
      "command": "volentscript",
      "mean": 0.19577496305,
      "stddev": 0.0022898012545571208,
      "median": 0.19490609330000003,
      "user": 0.19033848,
      "system": 0.00408743,
      "min": 0.19284128080000001,
      "max": 0.19917565580000002,
      "times": [
        0.19914053080000002,
        0.1946960718,
        0.19501165580000002,
        0.1948005308,
        0.1962649478,
        0.19426903080000002,
        0.19917565580000002,
        0.19284128080000001
      ],
      "memory_usage_byte": [
        45268992,
        45268992,
        45268992,
        45268992,
        45268992,
        45268992,
        45268992,
        45268992
      ],
      "exit_codes": [
        0,
        0,
        0,
        0,
        0,
        0,
        0,
        0
      ]
    },
    {
      "command": "c",
      "mean": 0.009923348675,
      "stddev": 0.00031359141567170176,
      "median": 0.0099107393,
      "user": 0.009603979999999998,
      "system": 0.00006305499999999998,
      "min": 0.0095842808,
      "max": 0.010430447800000001,
      "times": [
        0.0100814058,
        0.0096313638,
        0.0102248228,
        0.0095842808,
        0.0098145728,
        0.0100069058,
        0.010430447800000001,
        0.009612989800000001
      ],
      "memory_usage_byte": [
        45268992,
        45268992,
        45268992,
        45268992,
        45268992,
        45268992,
        45268992,
        45268992
      ],
      "exit_codes": [
        0,
        0,
        0,
        0,
        0,
        0,
        0,
        0
      ]
    },
    {
      "command": "rust",
      "mean": 0.016727926925,
      "stddev": 0.0005650393112835952,
      "median": 0.016857322300000005,
      "user": 0.01610823,
      "system": 0.00027430499999999997,
      "min": 0.0157890728,
      "max": 0.017315864800000004,
      "times": [
        0.017315864800000004,
        0.017129696800000004,
        0.016398780800000002,
        0.016208489800000003,
        0.016584947800000003,
        0.0172496978,
        0.0171468648,
        0.0157890728
      ],
      "memory_usage_byte": [
        45268992,
        45268992,
        45268992,
        45268992,
        45268992,
        45268992,
        45268992,
        45268992
      ],
      "exit_codes": [
        0,
        0,
        0,
        0,
        0,
        0,
        0,
        0
      ]
    },
    {
      "command": "go",
      "mean": 0.018309494425000003,
      "stddev": 0.0003731638018748558,
      "median": 0.0181674888,
      "user": 0.017565105,
      "system": 0.00106293,
      "min": 0.0179609478,
      "max": 0.0189391978,
      "times": [
        0.018577197800000004,
        0.018659405800000004,
        0.0180385308,
        0.0189391978,
        0.0182964468,
        0.017995488800000004,
        0.0179609478,
        0.018008739800000003
      ],
      "memory_usage_byte": [
        45268992,
        45268992,
        45268992,
        45268992,
        45268992,
        45268992,
        45268992,
        45268992
      ],
      "exit_codes": [
        0,
        0,
        0,
        0,
        0,
        0,
        0,
        0
      ]
    },
    {
      "command": "java",
      "mean": 0.077936327675,
      "stddev": 0.002307392602407714,
      "median": 0.07892390530000001,
      "user": 0.23110648000000003,
      "system": 0.01400468,
      "min": 0.07455257280000001,
      "max": 0.0804174898,
      "times": [
        0.0785487388,
        0.0804174898,
        0.0751231968,
        0.07929907180000001,
        0.0761490308,
        0.07455257280000001,
        0.0794774478,
        0.07992307280000001
      ],
      "memory_usage_byte": [
        132415488,
        132415488,
        132415488,
        132415488,
        132464640,
        132464640,
        132464640,
        132464640
      ],
      "exit_codes": [
        0,
        0,
        0,
        0,
        0,
        0,
        0,
        0
      ]
    },
    {
      "command": "node",
      "mean": 0.029663395425000003,
      "stddev": 0.00035133809621703426,
      "median": 0.029724864300000004,
      "user": 0.02694273,
      "system": 0.003215305,
      "min": 0.029196114800000002,
      "max": 0.0302657388,
      "times": [
        0.0298554478,
        0.0294584058,
        0.029196114800000002,
        0.0302657388,
        0.029827905800000002,
        0.029753364800000005,
        0.029253821800000007,
        0.029696363800000004
      ],
      "memory_usage_byte": [
        132464640,
        132464640,
        132464640,
        132464640,
        132464640,
        132464640,
        132464640,
        132464640
      ],
      "exit_codes": [
        0,
        0,
        0,
        0,
        0,
        0,
        0,
        0
      ]
    },
    {
      "command": "bun",
      "mean": 0.01524739555,
      "stddev": 0.0007657060073718626,
      "median": 0.0149045518,
      "user": 0.011642979999999999,
      "system": 0.0034111799999999998,
      "min": 0.0145701148,
      "max": 0.016434614800000004,
      "times": [
        0.014951447800000002,
        0.014762280800000001,
        0.0148576558,
        0.0145701148,
        0.014571488799999999,
        0.016434614800000004,
        0.0163689888,
        0.0154625728
      ],
      "memory_usage_byte": [
        132464640,
        132464640,
        132464640,
        132464640,
        132464640,
        132464640,
        132464640,
        132464640
      ],
      "exit_codes": [
        0,
        0,
        0,
        0,
        0,
        0,
        0,
        0
      ]
    },
    {
      "command": "deno",
      "mean": 0.026399166300000002,
      "stddev": 0.0014170964921502605,
      "median": 0.025937885300000005,
      "user": 0.022872729999999997,
      "system": 0.005405679999999999,
      "min": 0.025280488800000004,
      "max": 0.029820530800000005,
      "times": [
        0.029820530800000005,
        0.026399280800000004,
        0.025953364800000003,
        0.026100030800000004,
        0.025922405800000003,
        0.025280488800000004,
        0.025853697800000002,
        0.025863530800000003
      ],
      "memory_usage_byte": [
        132464640,
        132464640,
        132464640,
        132464640,
        132464640,
        132464640,
        132464640,
        132464640
      ],
      "exit_codes": [
        0,
        0,
        0,
        0,
        0,
        0,
        0,
        0
      ]
    }
  ]
}
