{
  "results": [
    {
      "command": "volentscript",
      "mean": 0.19953446217999998,
      "stddev": 0.0022017839068585827,
      "median": 0.20007130068,
      "user": 0.19286245499999996,
      "system": 0.00523766,
      "min": 0.19688648768,
      "max": 0.20175369668,
      "times": [
        0.20063332168,
        0.19688648768,
        0.19706815568,
        0.19950927968,
        0.20175369668,
        0.19713044668,
        0.20167136268,
        0.20162294668
      ],
      "memory_usage_byte": [
        45318144,
        45318144,
        45318144,
        45318144,
        45645824,
        45645824,
        45645824,
        45645824
      ],
      "exit_codes": [
        0,
        0,
        0,
        0,
        0,
        0,
        0,
        0
      ]
    },
    {
      "command": "c",
      "mean": 0.010680337180000003,
      "stddev": 0.00047777784186795445,
      "median": 0.01045767568,
      "user": 0.009846454999999999,
      "system": 0.00043190999999999965,
      "min": 0.010216154680000002,
      "max": 0.011537279680000002,
      "times": [
        0.010928862680000002,
        0.01027403068,
        0.011537279680000002,
        0.010458154680000002,
        0.010216154680000002,
        0.011172779680000001,
        0.010457196680000001,
        0.010398238680000001
      ],
      "memory_usage_byte": [
        45645824,
        45645824,
        45645824,
        45645824,
        45645824,
        45645824,
        45645824,
        45645824
      ],
      "exit_codes": [
        0,
        0,
        0,
        0,
        0,
        0,
        0,
        0
      ]
    },
    {
      "command": "rust",
      "mean": 0.01809127493,
      "stddev": 0.000531937375864532,
      "median": 0.01820050918,
      "user": 0.017036205,
      "system": 0.0005020349999999997,
      "min": 0.01725077968,
      "max": 0.018742946680000004,
      "times": [
        0.018742946680000004,
        0.01803486368,
        0.01767948868,
        0.01725077968,
        0.018549988680000004,
        0.018493405680000005,
        0.018366154680000003,
        0.01761257168
      ],
      "memory_usage_byte": [
        45645824,
        45645824,
        45645824,
        45645824,
        45645824,
        45645824,
        45645824,
        45645824
      ],
      "exit_codes": [
        0,
        0,
        0,
        0,
        0,
        0,
        0,
        0
      ]
    },
    {
      "command": "go",
      "mean": 0.01992449343,
      "stddev": 0.0002346384510066209,
      "median": 0.019835342180000003,
      "user": 0.018485955000000002,
      "system": 0.0014665349999999997,
      "min": 0.01968298868,
      "max": 0.020389529680000004,
      "times": [
        0.019835654680000002,
        0.01968298868,
        0.019825696680000005,
        0.019835029680000005,
        0.020389529680000004,
        0.01993869668,
        0.020149321680000006,
        0.01973902968
      ],
      "memory_usage_byte": [
        45645824,
        45645824,
        45645824,
        45645824,
        45645824,
        45645824,
        45645824,
        45645824
      ],
      "exit_codes": [
        0,
        0,
        0,
        0,
        0,
        0,
        0,
        0
      ]
    },
    {
      "command": "java",
      "mean": 0.08165789468000001,
      "stddev": 0.0011685837196667949,
      "median": 0.08130863418,
      "user": 0.23905983,
      "system": 0.01665166,
      "min": 0.08043215568,
      "max": 0.08337115468,
      "times": [
        0.08220252968000001,
        0.08043215568,
        0.08065098868000001,
        0.08090465568,
        0.08337115468,
        0.08076694668,
        0.08322211368,
        0.08171261268
      ],
      "memory_usage_byte": [
        131727360,
        131727360,
        131727360,
        131727360,
        131825664,
        131825664,
        131825664,
        131825664
      ],
      "exit_codes": [
        0,
        0,
        0,
        0,
        0,
        0,
        0,
        0
      ]
    },
    {
      "command": "node",
      "mean": 0.033446910305,
      "stddev": 0.0022679079335723813,
      "median": 0.03309236368,
      "user": 0.029520454999999998,
      "system": 0.0044654099999999995,
      "min": 0.031037821680000008,
      "max": 0.038127154680000004,
      "times": [
        0.031356446680000004,
        0.032164238680000005,
        0.031037821680000008,
        0.038127154680000004,
        0.034697821680000004,
        0.03336640568,
        0.03400707168000001,
        0.032818321680000005
      ],
      "memory_usage_byte": [
        131825664,
        131825664,
        131825664,
        131825664,
        131825664,
        131825664,
        131825664,
        131825664
      ],
      "exit_codes": [
        0,
        0,
        0,
        0,
        0,
        0,
        0,
        0
      ]
    },
    {
      "command": "bun",
      "mean": 0.016651498555,
      "stddev": 0.0007092020002138087,
      "median": 0.016523904680000003,
      "user": 0.012387205,
      "system": 0.004061534999999999,
      "min": 0.01603369668,
      "max": 0.018167029680000002,
      "times": [
        0.01611357168,
        0.01697598768,
        0.016553112680000003,
        0.01603369668,
        0.016036154680000005,
        0.016494696680000004,
        0.01683773868,
        0.018167029680000002
      ],
      "memory_usage_byte": [
        131825664,
        131825664,
        131825664,
        131825664,
        131825664,
        131825664,
        131825664,
        131825664
      ],
      "exit_codes": [
        0,
        0,
        0,
        0,
        0,
        0,
        0,
        0
      ]
    },
    {
      "command": "deno",
      "mean": 0.028007509055000004,
      "stddev": 0.001926595591366502,
      "median": 0.027574946680000004,
      "user": 0.023313705,
      "system": 0.006200409999999998,
      "min": 0.026559404680000002,
      "max": 0.032564987680000004,
      "times": [
        0.032564987680000004,
        0.026882529680000003,
        0.026559404680000002,
        0.026882196680000005,
        0.027722280680000003,
        0.02772311368,
        0.027427612680000005,
        0.028297946680000005
      ],
      "memory_usage_byte": [
        131825664,
        131825664,
        131825664,
        131825664,
        131825664,
        131825664,
        131825664,
        131825664
      ],
      "exit_codes": [
        0,
        0,
        0,
        0,
        0,
        0,
        0,
        0
      ]
    }
  ]
}
